-- MySQL dump 10.13  Distrib 8.0.22, for Linux (x86_64)
--
-- Host: localhost    Database: tfm
-- ------------------------------------------------------
-- Server version	8.0.23

/*!40101 SET @OLD_CHARACTER_SET_CLIENT=@@CHARACTER_SET_CLIENT */;
/*!40101 SET @OLD_CHARACTER_SET_RESULTS=@@CHARACTER_SET_RESULTS */;
/*!40101 SET @OLD_COLLATION_CONNECTION=@@COLLATION_CONNECTION */;
/*!50503 SET NAMES utf8 */;
/*!40103 SET @OLD_TIME_ZONE=@@TIME_ZONE */;
/*!40103 SET TIME_ZONE='+00:00' */;
/*!40014 SET @OLD_UNIQUE_CHECKS=@@UNIQUE_CHECKS, UNIQUE_CHECKS=0 */;
/*!40014 SET @OLD_FOREIGN_KEY_CHECKS=@@FOREIGN_KEY_CHECKS, FOREIGN_KEY_CHECKS=0 */;
/*!40101 SET @OLD_SQL_MODE=@@SQL_MODE, SQL_MODE='NO_AUTO_VALUE_ON_ZERO' */;
/*!40111 SET @OLD_SQL_NOTES=@@SQL_NOTES, SQL_NOTES=0 */;

--
-- Table structure for table `GasolinerasPropuesta`
--

DROP TABLE IF EXISTS `GasolinerasPropuesta`;
/*!40101 SET @saved_cs_client     = @@character_set_client */;
/*!50503 SET character_set_client = utf8mb4 */;
CREATE TABLE `GasolinerasPropuesta` (
  `indice` int NOT NULL AUTO_INCREMENT,
  `provincia` text,
  `municipio` text,
  `localidad` text,
  `codigo_po` int DEFAULT NULL,
  `direccion` text,
  `margen` text,
  `longitud` double DEFAULT NULL,
  `latitud` double DEFAULT NULL,
  `rotulo` text,
  `tipo_venta` text,
  `rem_` text,
  `horario` text,
  `status` int NOT NULL,
  PRIMARY KEY (`indice`)
) ENGINE=InnoDB AUTO_INCREMENT=342 DEFAULT CHARSET=utf8mb4 COLLATE=utf8mb4_0900_ai_ci;
/*!40101 SET character_set_client = @saved_cs_client */;

--
-- Dumping data for table `GasolinerasPropuesta`
--

LOCK TABLES `GasolinerasPropuesta` WRITE;
/*!40000 ALTER TABLE `GasolinerasPropuesta` DISABLE KEYS */;
INSERT INTO `GasolinerasPropuesta` VALUES (1,'ALMERIA','ANTAS','ANTAS',4628,'AUTOVIA MURCIA-ALMERIA SALIDA 537 KM. 537','D',-1.934556,37.285833,'BP','P','dm','L-D: 24H',0),(2,'ALMERIA','ALMERIA','ALMERIA',4009,'CALLE COBRE, 26','I',-2.431333,36.85325,'SI','P','dm','L-D: 07:00-21:30',0),(3,'ALMERIA','EJIDO (EL)','SANTA MARIA DEL AGUILA',4710,'CARRETERA IRYDA POLIG. IND. LA REDONDA KM. S/N','D',-2.748806,36.780444,'PARKING LA REDONDA','P','dm','L-D: 24H',0),(4,'ASTURIAS','MIERES','SANTULLANO',33611,'COMPLEJO CENTRO COMERCIAL CAUDALIA, S/N','N',-5.781944,43.227722,'CARREFOUR','P','dm','L-D: 24H',0),(5,'ASTURIAS','AVILES','LLARANES',33460,'AVENIDA GIJON, 70','I',-5.911444,43.551556,'REPSOL','P','OM','L-D: 06:00-23:00',0),(6,'ASTURIAS','GIJON','GIJON',33211,'AVENIDA DE LOS CAMPONES, 13','N',-5.691222,43.533833,'SHELL','P','dm','L-D: 07:00-23:00',0),(7,'ASTURIAS','CASTROPOL','FIGUERAS',33794,'CALLE LAGUNA DE LA, 1','I',-7.019639,43.540361,'SOLRAS','P','dm','L: 07:00-23:00',0),(8,'ASTURIAS','NAVIA','NAVIA',33710,'AVENIDA DE LOS EMIGRANTES, 34','I',-6.724611,43.536417,'PETRONOR','P','OM','L-D: 07:00-23:00',0),(9,'ASTURIAS','SIERO','SIERO',33429,'CARRETERA VIELLA KM. 0,250','I',-5.784056,43.38275,'BP SIERO','P','dm','L-D: 24H',0),(10,'ASTURIAS','LLANES','POSADA',33594,'CARRETERA AS-263 KM. 19','N',-4.86225,43.426417,'MEROIL','P','dm','L-D: 07:00-23:00',0),(11,'BARCELONA','MONTCADA I REIXAC','CAN CUIAS',8110,'AUTOPISTA C- 33 KM. 82,5','N',2.191417,41.495222,'GALP','P','OM','L-D: 24H',0),(12,'BARCELONA','VIC','VIC',8500,'CALLE LLEIDA, 6','D',2.264417,41.946083,'GMOIL','P','dm','L-D: 24H',0),(13,'BARCELONA','MANRESA','MANRESA',8240,'CALLE AGUSTI COLL, 18','D',1.849,41.724111,'AVIA','P','dm','L-D: 24H',0),(14,'TARRAGONA','TORREDEMBARRA','TORREDEMBARRA',43830,'CARRETERA DE LA RIERA KM. 20','N',1.393444,41.152056,'GALP','P','OM','L-D: 24H',0),(15,'BARCELONA','SANT SADURNI D\'ANOIA','SANT SADURNI D\'ANOIA',8770,'CARRETERA SAN QUINTIN KM. 9,2','D',1.7810560000000002,41.425611,'REPSOL','P','dm','L-D: 24H',0),(16,'CADIZ','BARRIOS (LOS)','PALMONES',11379,'POLIGONO P.I.MARISMAS DE PALMONES C/ MAR CANTABRICO PARCELA IT 2.12, 2,12','D',-5.430028,36.184806,'GACOSUR PALMONES','P','dm','L-D: 24H',0),(17,'ALICANTE','JACARILLA','JACARILLA',3310,'CARRETERA JACARILLA-BENEJUZAR KM. 2,5','D',-0.859028,38.062972,'BP PETROBENE','P','dm','L-D: 24H',0),(18,'CADIZ','VILLAMARTIN','VILLAMARTIN',11650,'AVENIDA ARCOS, 55','D',-5.655056,36.855639,'HEMEGAS','P','dm','L-D: 24H',0),(19,'CADIZ','CADIZ','CADIZ',11012,'AVENIDA DE LA ILUSTRACION, 1','I',-6.268361,36.508028,'REPSOL','P','OM','L: 08:00-00:00',0),(20,'CADIZ','CHICLANA DE LA FRONTERA','CHICLANA DE LA FRONTERA',11130,'CALLE SEVERO OCHOA, 23','D',-6.154194,36.426583,'CLC CALIDAD LOW COST','P','dm','L-D: 24H',0),(21,'CADIZ','SANLUCAR DE BARRAMEDA','SANLUCAR DE BARRAMEDA',11540,'CALLE GENIL, 1','D',-6.361472,36.7645,'BALLENOIL','P','dm','L-D: 24H',0),(22,'CADIZ','CONIL DE LA FRONTERA','CONIL DE LA FRONTERA',11140,'AVENIDA DE LA MUSICA, 8','D',-6.0840830000000015,36.284194,'PETROLIA','P','dm','L-D: 24H',0),(23,'CADIZ','JEREZ DE LA FRONTERA','JEREZ DE LA FRONTERA',11405,'AVENIDA EUROPA, S/N','D',-6.113278,36.696917,'CARREFOUR','P','dm','L-J: 06:00-01:00; V-S: 06:00-01:30; D: 08:30-01:00',0),(24,'CADIZ','PUERTO DE SANTA MARIA (EL)','PUERTO DE SANTA MARIA (EL)',11500,'CR N-IV, KM.  649.8','I',-6.216556,36.609,'BP PUERTO STA. MARIA','P','dm','L-D: 24H',0),(25,'CADIZ','ROTA','ROTA',11520,'AVENIDA CENTENARIO DE LA AVIACION, 1','D',-6.370889,36.636056,'BP ROTA','P','dm','L-D: 24H',0),(26,'MALAGA','ESTEPONA','ESTEPONA',29680,'SECTOR ARROYO ENMEDIO E4, 4','D',-5.202778,36.39325,'BALLENOIL','P','dm','L-D: 24H',0),(27,'CADIZ','TARIFA','TARIFA',11380,'URBANIZACION LA MARINA, 614','N',-5.607861,36.026333,'TARIFUEL','P','dm','L-D: 24H',0),(28,'CANTABRIA','MERUELO','SAN MAMES DE MERUELO',39192,'CR CA-147, 4,7','I',-3.562611,43.447306,'REPSOL','P','OM','L-D: 06:30-22:30',0),(29,'CANTABRIA','CAMARGO','REVILLA',39600,'BARRIO LA CALVA, 16','D',-3.868667,43.404694,'CEPSA','P','dm','L-D: 06:00-22:00',0),(30,'CANTABRIA','REINOSA','REINOSA',39200,'POLIGONO SEPES-LA VEGA, PARCELA 74-80, 74','N',-4.1313330000000015,42.995194,'AVIA','P','dm','L: 24H',0),(31,'VIZCAYA','ERANDIO','ERANDIO-GOIKOA',48950,'CTRA.LUTXANA-ASUA, 36 km CENTRO COMERCIAL M','N',-2.952833,43.303333,'SHELL','P','OM','L-S: 07:30-21:30; D: 09:30-15:00',0),(32,'CANTABRIA','LAREDO','LAREDO',39770,'CALLE RECONQUISTA DE SEVILLA, S/N','D',-3.41275,43.410722,'REPSOL','P','OM','L-D: 07:00-23:00',0),(33,'VALENCIA / VALENCIA','PUIG','PUIG',46450,'AUTOVIA A7 KM 311 KM. 311','D',-0.343944,39.607444,'AREA MAUROS','P','dm','L-D: 24H',0),(34,'CASTELLON / CASTELLO','SONEJA','SONEJA',12480,'CARRETERA TERUEL, S/N KM. 0','D',-0.430833,39.813056,'COOP. Na Sa DE LA ASUNCION DE SONEJA','P','dm','L-D: 24H',0),(35,'CASTELLON / CASTELLO','VINAROS','VINAROS',12500,'CARRETERA NACIONAL 340 A PLAN PARCIAL 1 KM. 1049','N',0.451944,40.455167,'CARREFOUR','P','dm','L-D: 24H',0),(36,'ALAVA','VITORIA-GASTEIZ','VITORIA-GASTEIZ',1010,'AVENIDA MEDITERRANEO, 7','N',-2.693722,42.849028,'CEPSA','P','dm','L-D: 06:00-22:00',0),(37,'ALAVA','SAN MILLAN/DONEMILIAGA','DURRUMA/SAN ROMAN DE SAN',1207,'POLIGONO OKITURRI, S/N','D',-2.320361,42.8635,'ANDAMUR \"SAN ROMAN\"\"\"','P','dm','L-D: 24H',0),(38,'BURGOS','ARANDA DE DUERO','ARANDA DE DUERO',9400,'AVENIDA PORTUGAL, 53','D',-3.711778,41.667972,'DGV','P','dm','L-D: 24H',0),(39,'BURGOS','BALBASES (LOS)','BALBASES (LOS)',9119,'AUTOVIA A-62 KM. 40','D',-4.060028,42.177028,'GALP','P','OM','L-S: 08:30-20:30',0),(40,'BURGOS','BRIVIESCA','BRIVIESCA',9240,'CARRETERA N I KM. 278,050','I',-3.321083,42.534556,'BP','P','dm','L-V: 24H; S-D: 06:00-00:00',0),(41,'BURGOS','BURGOS','BURGOS',9007,'CL GLORIETA LOGRO?O, S.N.','D',-3.677917,42.34875,'REPSOL','P','dm','L-D: 24H',0),(42,'BURGOS','FRANDOVINEZ','FRANDOVINEZ',9230,'AUTOVIA A-62 KM. 16,7','D',-3.8465,42.294444,'REPSOL','P','OM','L-D: 07:00-23:00',0),(43,'BURGOS','VILLALMANZO','VILLALMANZO',9390,'CARRETERA CRTA A-1,  MADRID-BURGOS KM. 203','I',-3.752778,42.040694,'REPSOL','P','dm','L-D: 24H',0),(44,'BURGOS','MIRANDA DE EBRO','MIRANDA DE EBRO',9200,'CR N-1, 318,8','I',-2.9375,42.692944,'REPSOL','P','OM','L-D: 07:00-14:00 y 16:00-21:00',0),(45,'CACERES','CACERES','CACERES',10001,'CALLE GIL CORDERO, S,N','I',-6.3824440000000005,39.469417,'REPSOL','P','dm','L-D: 24H',0),(46,'CACERES','CASAR DE CACERES','CASAR DE CACERES',10190,'CARRETERA CIRCUNVALACION KM. S/N','D',-6.419111,39.550472,'COOPRADO','P','dm','L-D: 24H',0),(47,'CACERES','CORIA','CORIA',10800,'CARRETERA EX 108 KM. 87,2','D',-6.51925,39.982056,'SETTRAN','P','dm','L-D: 24H',0),(48,'CACERES','MIAJADAS','MIAJADAS',10100,'CALLE HERRADORES, 2','N',-5.9215,39.140472,'SHELL','P','dm','L-D: 24H',0),(49,'CACERES','JARAIZ DE LA VERA','JARAIZ DE LA VERA',10400,'CARRETERA EX-392 KM. 16','I',-5.744667,40.051083,'CEPSA','P','OM','L-D: 06:00-22:00',0),(50,'CACERES','NAVALMORAL DE LA MATA','NAVALMORAL DE LA MATA',10300,'CARRETERA EX-118 KM. 179','I',-5.52425,39.891111,'REPSOL','P','OM','L-D: 06:00-00:00',0),(51,'CACERES','PLASENCIA','PLASENCIA',10600,'AVENIDA ESPANA, 44','D',-6.098167,40.021639,'REPSOL','P','dm','L-D: 06:00-23:00',0),(52,'CACERES','TRUJILLO','TRUJILLO',10200,'CARRETERA ANTIGUA N-V KM. 252','D',-5.863111,39.468806,'CEPSA','P','dm','L-D: 06:00-22:00',0),(53,'CACERES','VALDASTILLAS','VALDASTILLAS',10614,'CARRETERA N-110 KM. 382,400','I',-5.890833,40.136417,'REPSOL','P','OM','L-D: 06:00-22:00',0),(54,'CADIZ','ARCOS DE LA FRONTERA','ARCOS DE LA FRONTERA',11630,'CARRETERA A-382 KM. 26,8','D',-5.822389,36.747833,'CEPSA','P','OM','L-D: 24H',0),(55,'RIOJA (LA)','VILLAMEDIANA DE IREGUA','PUENTE MADRE',26142,'POLIGONO POLIGONO I-9, 2','N',-2.419083,42.447611,'CEPSA-JUBERA','P','dm','L-D: 24H',0),(56,'ALBACETE','ALBACETE','ALBACETE',2006,'PG CAMPOLLANO-P. 2-CT, S.N.','D',-1.874972,39.012583,'REPSOL','P','OM','L-V: 06:00-22:00; S: 07:30-15:30; D: 09:00-15:00',0),(57,'ALBACETE','ALMANSA','ALMANSA',2640,'AVENIDA MADRID, 11','N',-1.108,38.871556,'CEPSA','P','OM','L-V: 07:00-21:00; S: 07:00-14:00',0),(58,'ALBACETE','CAUDETE','CAUDETE',2660,'CR N-344 DIRC.VALENCIA, KM.  118.3','N',-0.943,38.727472,'BP PARGA I PETROL BAS BEL','P','dm','L-D: 06:00-22:00',0),(59,'ALBACETE','HELLIN','HELLIN',2400,'CARRETERA MURCIA KM. 33','I',-1.687833,38.506806,'PETRONOR','P','OM','L: 06:00-23:00',0),(60,'ALBACETE','RODA (LA)','RODA (LA)',2630,'AUTOVIA A-31 KM. 40','D',-2.166444,39.212972,'REPSOL','P','OM','L-D: 06:00-23:00',0),(61,'ALBACETE','TOBARRA','TOBARRA',2500,'AVENIDA GUARDIA CIVIL, 162','D',-1.6808330000000002,38.601722,'NTRA. SRA. DE LA ENCARNACION','P','dm','L-D: 06:00-23:00',0),(62,'ALBACETE','VILLARROBLEDO','VILLARROBLEDO',2600,'AVENIDA REYES CATOLICOS, 108','N',-2.5941110000000003,39.272056,'GALP','P','OM','L-D: 24H',0),(63,'ALICANTE','COCENTAINA','COCENTAINA',3820,'AVENIDA ALICANTE, 49','D',-0.45775,38.717889,'REPSOL','P','OM','L-D: 06:00-22:00',0),(64,'ALICANTE','BENIDORM','BENIDORM',3501,'CARRETERA CV-70 KM. 47','I',-0.134444,38.559583,'REPSOL','P','OM','L-D: 24H',0),(65,'ALICANTE','GATA DE GORGOS','GATA DE GORGOS',3740,'CARRETERA N-332 KM. 187,5','D',0.098639,38.768111,'REPSOL','P','OM','L-D: 07:00-21:00',0),(66,'ALICANTE','CALPE/CALP','CALPE',3710,'AVENIDA DIPUTACION, 35','D',0.04175,38.646306,'GASEXPRESS','P','dm','L-D: 24H',0),(67,'ALICANTE','CASTALLA','CASTALLA',3420,'AVENIDA DE IBI, 46','D',-0.669611,38.600944,'REPSOL','P','OM','L-D: 06:00-22:00',0),(68,'ALICANTE','DENIA','DENIA',3700,'CALLE AVENIDA VALENCIA, 44','D',0.098194,38.83958300000001,'REPSOL','P','OM','L-D: 24H',0),(69,'ALICANTE','ELDA','ELDA',3600,'AVENIDA MONOVAR, 10','I',-0.802222,38.478556,'REPSOL','P','OM','L-V: 07:00-21:00; S: 08:00-21:00',0),(70,'ALICANTE','IBI','IBI',3440,'AV DE LA PROVIDENCIA S/N','N',-0.585583,38.6165,'BP IBI','P','dm','L-D: 05:30-00:00',0),(71,'ALICANTE','VILLENA','VILLENA',3400,'CARRETERA CARRETERA DE YECLA KM. 1','D',-0.870667,38.635889,'REPSOL','P','OM','L-D: 06:00-22:00',0),(72,'ALMERIA','ADRA','PUENTE DEL RIO',4779,'AVENIDA LEGION ESPANOLA, 2','D',-2.983333,36.758889,'CAMPOADRA','P','dm','L-S: 07:00-21:30',0),(73,'ALMERIA','ALBOX','ALBOX',4800,'CARRETERA LORCA- BAZA, PARAJE LOS CHORLITOS, PARC. 426, POL. 41 KM. 426','D',-2.133194,37.378139,'RASPA-OIL (SERV. ATENDIDO)','P','dm','L-D: 06:00-22:00',0),(74,'ALMERIA','BERJA','BERJA',4760,'AVENIDA JOSE BARRIONUEVO PENA, S/N','D',-2.9458330000000004,36.841667,'REPSOL','P','OM','L-D: 06:00-22:00',0),(75,'ALMERIA','FINES','ESTACION (LA)',4869,'PARAJE MOJON. POLIGONO 5. PARCELA, 44','D',-2.2824720000000003,37.358167,'SUIMASA','P','dm','L-D: 24H',0),(76,'ALMERIA','NIJAR','SAN ISIDRO DE NIJAR',4117,'CARRETERA IRYDA (CH) KM. 5','D',-2.149167,36.922972,'HORTOFRUCOOP S.C.A.','P','dm','L-D: 07:00-23:00',0),(77,'ALMERIA','PULPI','PULPI',4640,'POLIGONO S-LF1, 1','N',-1.749139,37.383472,'APARCAMIENTOS DE PULPI','P','dm','L-D: 24H',0),(78,'ALMERIA','VELEZ-BLANCO','VELEZ-BLANCO',4830,'CARRETERA C-321, PJE.CANADA DE NAVARRO KM 000000 KM. 162','D',-2.090333,37.678111,'ANROROIL','P','dm','L-S: 07:00-23:00',0),(79,'GRANADA','GRANADA','GRANADA',18003,'CARRETERA ANTIGUA DE MALAGA A GRANADA KM. 142','D',-3.636361,37.190722,'REPSOL','P','OM','L-S: 07:00-22:00',0),(80,'GRANADA','PURULLENA','PURULLENA',18519,'CARRETERA CR A-2 SEVILLA-BAZA DCHA. KM 286 KM. 286','D',-3.215694,37.328889,'BP - RIO FARDES','P','dm','L-D: 06:00-00:00',0),(81,'GRANADA','DURCAL','DURCAL',18560,'CARRETERA BAILEN-MOTRIL N-323 KM. 151','D',-3.577611,36.999694,'AGLA E.S. VALLE ZAHOR S.L.','P','dm','L-D: 06:30-23:00',0),(82,'GRANADA','HUESCAR','HUESCAR',18830,'CARRETERA A-330 KM. 28,3','D',-2.542361,37.779639,'LIBRE','P','dm','L-D: 24H',0),(83,'GRANADA','SALAR','SALAR',18310,'CARRETERA A- 4155 KM. 1','I',-4.076611,37.163833,'SPS','P','dm','L-S: 06:00-22:00; D: 07:00-22:00',0),(84,'GRANADA','MOTRIL','MOTRIL',18600,'AUTOVIA GR-14 KM. 0','I',-3.55725,36.770722,'CEPSA','P','dm','L-D: 24H',0),(85,'GRANADA','MORALEDA DE ZAFAYONA','MORALEDA DE ZAFAYONA',18370,'AUTOVIA A-92 KM. 211','D',-3.95275,37.182583,'REPSOL','P','dm','L-D: 24H',0),(86,'MADRID','MADRID','MADRID',28030,'CL GL.CORREGIDOR SANCHO DE CORD, S.','D',-3.652028,40.407389,'REPSOL','P','OM','L-D: 24H',0),(87,'GUIPUZCOA','ASTIGARRAGA','ASTIGARRAGA',20115,'CTRA. ASTIGARRAGA-OIARTZUN (GI-2132 km 10)','N',-1.916778,43.281972,'AVIA','P','dm','L-V: 06:00-22:00; S: 07:00-22:00; D: 08:00-22:00',0),(88,'GUIPUZCOA','ARRASATE/MONDRAGON','ARRASATE/MONDRAGON',20500,'SAN ANDRES AUZOA, 7 (BERGARA-VITORIA C-6213 km 80,3)','I',-2.4975,43.048695,'AVIA','P','dm','L-D: 24H',0),(89,'GUIPUZCOA','BEASAIN','BEASAIN',20200,'CR  N-1 ,P.K. 419','D',-2.1948060000000003,43.045278,'REPSOL','P','dm','L-D: 24H',0),(90,'GUIPUZCOA','ZESTOA','ZESTOA',20740,'CARRETERA GI-631 KM. 5,00','D',-2.259444,43.241444,'E.S. ZESTOA-AVIA','P','dm','L-S: 07:00-21:00; D: 07:00-14:00',0),(91,'CORDOBA','CORDOBA','CORDOBA',14007,'AVDA. LIBIA, 34','D',-4.758806,37.890944,'CEPSA','P','OM','L-D: 07:00-23:00',0),(92,'GUIPUZCOA','EIBAR','EIBAR',20600,'CALLE BARRENA, 19','N',-2.454556,43.189972,'AVIA-ACITAIN','P','dm','L-V: 06:00-22:00; S-D: 08:00-22:00',0),(93,'HUELVA','HUELVA','HUELVA',21007,'AVDA. NUEVO COLOMBINO S/N.','D',-6.919611,37.263306,'CEPSA TRAFICO PESADO','P','dm','L-D: 06:30-22:30',0),(94,'HUELVA','ALMONTE','ALMONTE',21730,'POLIGONO INDUSTRIAL EL TOMILLAR,PARCELA, 77','N',-6.507861,37.254056,'CEPSA','P','dm','L-D: 24H',0),(95,'CORDOBA','MONTILLA','MONTILLA',14550,'CARRETERA N331 KM. 41','I',-4.678472,37.606278,'AVIA','P','dm','L-D: 07:00-22:30',0),(96,'CORDOBA','FUENTE PALMERA','FUENTE PALMERA',14120,'CARRETERA FUENTE PALMERA- LA VENTILLA L-120 KM. 0,500','N',-5.098111,37.708139,'SANTIAGO','P','dm','L-D: 07:00-21:00',0),(97,'CORDOBA','LUCENA','LUCENA',14900,'CARRETERA CABRA KM. 1,5','D',-4.474806,37.430944,'BP LOS BOMBEROS','P','dm','L-D: 06:00-22:00',0),(98,'CORDOBA','PALMA DEL RIO','PALMA DEL RIO',14700,'AVENIDA AVENIDA DE LA PAZ SN  / GRAN VIA AULIO CORNELIO PALMA  SN, SN','N',-5.272694,37.700056,'REPSOL','P','OM','L-D: 06:00-23:00',0),(99,'CORDOBA','POZOBLANCO','POZOBLANCO',14400,'CALLE MUNOZ DE SEPULVEDA, 99','D',-4.853167,38.373861,'PRODENERGY','P','dm','L-D: 24H',0),(100,'CORDOBA','PRIEGO DE CORDOBA','PRIEGO DE CORDOBA',14800,'AVENIDA DE GRANADA, S,N','D',-4.191889,37.441611,'CEPSA','P','OM','L-D: 07:00-23:00',0),(101,'CORDOBA','PUENTE GENIL','PUENTE GENIL',14500,'CALLE ESTEPA, 1','I',-4.781333,37.379556,'CAMPSA','P','OM','L-D: 06:00-22:00',0),(102,'CORDOBA','VILLA DEL RIO','VILLA DEL RIO',14640,'POLIGONO ANTIGUA N-4 TR.ORIENTAL, 16, 16','I',-4.277472,37.986306,'REPSOL','P','OM','L-D: 06:00-22:00',0),(103,'CORUNA (A)','AMES','AMES',15864,'RUA DAS HEDRAS 13, P. EMPRESARIAL NOVOMILLADOIRO','N',-8.582553,42.849721,'ESTACION DE SERVICIO NOVOMILLADOIRO','P','dm','L-S: 07:00-23:00; D: 08:00-15:00',0),(104,'CORUNA (A)','CULLEREDO','FONTECULLER',15174,'AVENIDA DE FONTECULLER, SN','D',-8.381111,43.324139,'REPSOL','P','OM','L-D: 07:00-23:00',0),(105,'CORUNA (A)','BOIRO','PESQUEIRA',15939,'MUELLE BAJO MUELLE, S/N','N',-8.890167,42.613556,'PETROCASH CABO DE CRUZ','P','dm','L: 07:00-22:00',0),(106,'CORUNA (A)','NARON','NARON',15320,'RUA LUIS SEOANE, 147','D',-8.196611,43.488944,'CONFORT AUTO','P','dm','L-V: 08:00-21:00; S: 09:00-14:00',0),(107,'CORUNA (A)','CARBALLO','CARBALLO',15100,'LUGAR A REVOLTA, 20','D',-8.699444,43.204472,'E.S. CARVOLTA','P','dm','L-D: 24H',0),(108,'CORUNA (A)','OZA DOS RIOS','OZA',15380,'AC 840 km 6,89','I',-8.1905,43.225889,'E.S. OZAGAS','P','dm','L-D: 07:00-23:00',0),(109,'LUGO','GUITIRIZ','GUITIRIZ',27300,'PARQUE EMPRESARIAL DE GUITIRIZ, PARCELA, 55','D',-7.926889,43.184861,'PARDINAS, CENTRO LOGISTICO','P','dm','L-D: 07:00-23:00',0),(110,'CORUNA (A)','MUROS','MUROS',15250,'POLIGONO DE MUROS - VENTIN, S/N','D',-9.072028,42.78527800000001,'REPSOL','P','dm','L: 07:00-23:00',0),(111,'CORUNA (A)','NOIA','ABRUNEIRAS',15210,'CARRETERA BARQUINA S/N KM. 2,5','N',-8.888111,42.798167,'EROSKI','P','dm','L-S: 08:00-22:00',0),(112,'CORUNA (A)','ORDES','ORDES',15680,'N-550 km 34,5','I',-8.403111,43.093389,'GALP','P','dm','L-D: 07:00-23:00',0),(113,'CORUNA (A)','SANTA COMBA','SANTA COMBA',15840,'AVENIDA BRASIL, 0','I',-8.817556,43.027333,'LAG XALLAS','P','dm','L-D: 07:00-23:00',0),(114,'CUENCA','TARANCON','TARANCON',16400,'AVENIDA REY JUAN CARLOS I, 37','D',-3.005306,40.006583,'MANZANARES RUIZ','P','dm','L-V: 06:00-22:00; S: 07:00-15:00',0),(115,'CUENCA','CASTILLO DE GARCIMUNOZ','CASTILLO DE GARCIMUNOZ',16623,'N-III km 159,900','N',-2.352278,39.651444,'GALP','P','OM','L-D: 24H',0),(116,'CUENCA','CUENCA','CUENCA',16003,'AVENIDA REYES CATOLICOS, 76','D',-2.138278,40.059472,'AVIA','P','dm','L: 06:00-22:00',0),(117,'CASTELLON / CASTELLO','CABANES','CABANES',12180,'AUTOPISTA AP-7 (MRG.DCHO) KM. 404','D',0.138722,40.131806,'CEPSA','P','OM','L-D: 24H',0),(118,'CIUDAD REAL','ALCAZAR DE SAN JUAN','ALCAZAR DE SAN JUAN',13600,'AVENIDA DE LOS INSTITUTOS, S/N','D',-3.224611,39.39225,'ZEROGAS','P','dm','L-D: 24H',0),(119,'HUELVA','AYAMONTE','AYAMONTE',21400,'AVENIDA CONSTITUCION, S/N','N',-7.398556,37.220694,'BP','P','dm','L-D: 06:00-00:00',0),(120,'CIUDAD REAL','BOLANOS DE CALATRAVA','BOLANOS DE CALATRAVA',13260,'CALLE CTRA. C-417, PK. KM 17,, 17','D',-3.677333,38.904139,'SARAS','P','OM','L-D: 06:30-22:30',0),(121,'CIUDAD REAL','PUERTOLLANO','PUERTOLLANO',13500,'CARRETERA NACIONAL 420 KM. 160','D',-4.101667,38.701556,'CARREFOUR','P','dm','L-D: 24H',0),(122,'CIUDAD REAL','CAMPO DE CRIPTANA','CAMPO DE CRIPTANA',13610,'AVENIDA DE LA HISPANIDAD, 10','I',-3.128361,39.400861,'PETRONOR','P','OM','L-D: 06:00-22:00',0),(123,'CIUDAD REAL','CIUDAD REAL','CIUDAD REAL',13004,'CALLE RONDA DE LA MATA, S/N','D',-3.920833,38.983083,'REPSOL','P','OM','L-D: 06:00-23:00',0),(124,'CIUDAD REAL','DAIMIEL','DAIMIEL',13250,'CARRETERA N-420 KM KM. 231','D',-3.596278,39.076278,'WETROAD','P','dm','L-D: 24H',0),(125,'CIUDAD REAL','MEMBRILLA','MEMBRILLA',13230,'CARRETERA NACIONAL 430 KM 368 KM. 368','D',-3.336417,38.973667,'REPSOL','P','dm','L-D: 06:00-23:00',0),(126,'CIUDAD REAL','PEDRO MUNOZ','PEDRO MUNOZ',13620,'CARRETERA PEDRO MUNOZ A SOCUELLAMOS KM. 1','D',-2.937778,39.396167,'SUMNISTROS AGRICOLAS DE PEDRO MUNOZ S. COOP. DE C-LM','P','dm','L-D: 24H',0),(127,'CIUDAD REAL','SANTA CRUZ DE MUDELA','SANTA CRUZ DE MUDELA',13730,'CALLE PEDRO VARELA, S/N','D',-3.452778,38.644833,'CH2M','P','dm','L-D: 24H',0),(128,'CIUDAD REAL','SOCUELLAMOS','SOCUELLAMOS',13630,'CM-3102 km 23,1','D',-2.784361,39.283694,'CEPSA','P','dm','L-D: 06:00-23:00',0),(129,'CIUDAD REAL','TOMELLOSO','TOMELLOSO',13700,'CALLE SOCUELLAMOS, 92','D',-3.016139,39.163694,'REPSOL','P','OM','L-D: 05:00-23:00',0),(130,'CIUDAD REAL','VALDEPENAS','VALDEPENAS',13300,'CR CM-412, 84,8','D',-3.3985,38.766444,'REPSOL','P','OM','L-D: 06:00-23:00',0),(131,'CIUDAD REAL','VILLARTA DE SAN JUAN','VILLARTA DE SAN JUAN',13210,'AUTOVIA A-4 KM. 145,330','I',-3.430306,39.25033300000001,'TARAY','P','dm','L-D: 24H',0),(132,'CIUDAD REAL','VISO DEL MARQUES','VISO DEL MARQUES',13770,'CARRETERA CM-4111 KM. 64','I',-3.550556,38.520556,'REPSOL','P','OM','L: 07:00-19:00',0),(133,'CORDOBA','BAENA','BAENA',14850,'AVENIDA ALEMANIA, 1','D',-4.314667,37.622667,'GEDS','P','dm','L-D: 24H',0),(134,'CORDOBA','CARLOTA (LA)','CARLOTA (LA)',14100,'AUTOVIA A-4 KM. 432','I',-4.928111,37.678611,'REPSOL','P','OM','L-D: 06:00-22:00',0),(135,'HUELVA','PALMA DEL CONDADO (LA)','PALMA DEL CONDADO (LA)',21700,'CARRETERA CRTRA LA PALMA A BOLLULLOS KM. 3,2','D',-6.538056,37.35888900000001,'CARREFOUR','P','dm','L-D: 24H',0),(136,'HUELVA','LEPE','LEPE',21440,'CALLE TRANSPORTISTAS, S/N','N',-7.194194,37.269,'REPSOL','P','dm','L-D: 24H',0),(137,'HUELVA','MANZANILLA','MANZANILLA',21890,'CARRETERA A472 KM. 34,90','D',-6.399694,37.387028,'CEPSA','P','dm','L-V: 07:00-20:00; S: 07:00-14:30',0),(138,'HUESCA','BARBASTRO','BARBASTRO',22300,'CARRETERA N-240 KM. 160','N',0.118444,42.032194,'ALCAMPO','P','dm','L-D: 24H',0),(139,'HUESCA','BINEFAR','BINEFAR',22500,'CARRETERA N-240 KM. 131,7','I',0.295694,41.845722,'REPSOL','P','OM','L-D: 24H',0),(140,'HUESCA','FRAGA','FRAGA',22520,'POLIGONO SUB 7 BIS, ANTIGUA NII, S/N','I',0.365417,41.524139,'BONAREA','P','dm','L-D: 24H',0),(141,'HUESCA','HUESCA','HUESCA',22004,'AVENIDA MARTINEZ DE VELASCO, 53','D',-0.417278,42.131611,'REPSOL','P','OM','L-D: 24H',0),(142,'HUESCA','MONZON','MONZON',22400,'CL AVENIDA LERIDA, 31 (N-240 km 143)','D',0.19675,41.911056,'REPSOL','P','OM','L-D: 24H',0),(143,'JAEN','ANDUJAR','ANDUJAR',23740,'AVDA. BLAS INFANTE, S/N','N',-4.039583,38.039361,'SARAS','P','OM','L-D: 06:00-22:00',0),(144,'JAEN','BAEZA','BAEZA',23440,'CARRETERA 326 KM. 12,1','D',-3.479194,38.002194,'BP','P','dm','L-D: 07:00-23:00',0),(145,'JAEN','BAILEN','BAILEN',23710,'AUTOVIA E-5/A-4 KM. 288','D',-3.7285,38.1435,'BP BAILEN','P','dm','L-D: 24H',0),(146,'JAEN','CAROLINA (LA)','CAROLINA (LA)',23200,'AUTOVIA AUTOVIA DE ANDALUCIA KM. 266','I',-3.591167,38.281917,'ORELLANA PERDIZ','P','dm','L: 07:00-23:00',0),(147,'JAEN','JAEN','JAEN',23001,'CARRETERA N-321 KM. 60,3','D',-3.826611,37.784361,'REPSOL','P','OM','L-D: 06:30-22:00',0),(148,'JAEN','VILLANUEVA DEL ARZOBISPO','VILLANUEVA DEL ARZOBISPO',23330,'AVENIDA VALENCIA DE, 116','D',-3.004083,38.172556,'REPSOL','P','OM','L-D: 06:00-22:00',0),(149,'JAEN','LINARES','LINARES',23700,'CL AVENIDA DE ESPA?A, 3','I',-3.626222,38.090222,'REPSOL','P','OM','L-D: 06:00-22:00',0),(150,'JAEN','MANCHA REAL','MANCHA REAL',23100,'CALLE LA LONJA, 4','D',-3.617778,37.788972,'BP','P','dm','L-D: 07:00-23:00',0),(151,'JAEN','UBEDA','UBEDA',23400,'CALLE LEON XIII S/N (N-323 KM. 125,20),','D',-3.367778,38.021944,'BP PUERTA DEL SOL','P','dm','L-D: 07:00-23:00',0),(152,'JAEN','SANTISTEBAN DEL PUERTO','SANTISTEBAN DEL PUERTO',23250,'POLIGONO POL. IND.  EL CONDADO. C/ SORIHUELA, S/N','D',-3.176222,38.259944,'SEGUROIL SLU','P','dm','L-D: 05:30-10:30',0),(153,'CUENCA','HITO (EL)','HITO (EL)',16441,'AUTOVIA DEL ESTE KM. 111','I',-2.714278,39.903833,'REPSOL','P','OM','L-D: 07:00-23:00',0),(154,'CUENCA','MOTA DEL CUERVO','MOTA DEL CUERVO',16630,'CALLE CAMINO REAL ALTO, 1','I',-2.870472,39.503139,'CAMPSA','P','OM','L-D: 06:00-23:59',0),(155,'CUENCA','MOTILLA DEL PALANCAR','MOTILLA DEL PALANCAR',16200,'CARRETERA ALBACETE, N-320 KM. 72','I',-1.902944,39.553778,'NATURGY','P','dm','L-D: 24H',0),(156,'CUENCA','PROVENCIO (EL)','PROVENCIO (EL)',16670,'C/ TOSTADO, 22','D',-2.575924,39.381699,'BODEGAS CAMPOS REALES','P','dm','L-D: 24H',0),(157,'CUENCA','SAN CLEMENTE','SAN CLEMENTE',16600,'CARRETERA NACIONAL 310 KM. 153,3','I',-2.438556,39.392028,'REPSOL','P','dm','L-D: 06:00-23:59',0),(158,'GIRONA','QUART','QUART',17242,'CR C-250, 7,7','N',2.84375,41.933361,'REPSOL','P','dm','L-D: 06:00-22:00',0),(159,'GIRONA','FIGUERES','VILATENIM',17484,'CARRETERA FIGUERES A ROSES KM 29 KM. 29','N',2.999944,42.268417,'CARREFOUR','P','dm','L-D: 24H',0),(160,'GIRONA','ULLA','ULLA',17140,'CARRETERA C-31 KM. 350,5','I',3.117222,42.045306,'REPSOL','P','OM','L-D: 06:00-22:00',0),(161,'GIRONA','BISBAL D\'EMPORDA (LA)','BISBAL D\'EMPORDA(LA)',17100,'POLIGONO DE LA AIGUETA, S/N','N',3.031222,41.967528,'CONDIS','P','dm','L-D: 24H',0),(162,'GIRONA','JONQUERA (LA)','LA JONQUERA',17700,'CARRETERA N-II KM. 773,5','D',2.8785,42.406889,'TORTUGA','P','dm','L-D: 24H',0),(163,'GIRONA','ESCALA (L\')','ESCALA (L\')',17130,'CALLE CLOSA D\'EN LLOP, 2','D',3.123222,42.124972,'REPSOL L\'ESCALA','P','OM','L-D: 24H',0),(164,'GIRONA','OLOT','OLOT',17800,'CALLE IGNASI BUXO GOU, D\', 4','D',2.497139,42.186806,'AUTONET&OIL','P','dm','L-D: 24H',0),(165,'GIRONA','PUIGCERDA','PUIGCERDA',17520,'CALLE GIRONA, 1','N',1.928583,42.426417,'AUTOSERVEI PUIGCERDA','P','dm','L-D: 24H',0),(166,'GIRONA','RIPOLL','RIPOLL',17500,'PASSEIG REGULL, 12','D',2.19075,42.197083,'REPSOL','P','OM','L-D: 06:00-22:00',0),(167,'GRANADA','BAZA','BAZA',18800,'AVENIDA MURCIA S/N, S/N','I',-2.765278,37.493361,'EE SS. VENTA DEL SOL CEPSA','P','dm','L-S: 06:00-23:00; D: 07:00-23:00',0),(168,'GRANADA','CULLAR','CULLAR',18850,'AUTOVIA A/92 GRANADA MURCIA KM. 354','N',-2.608944,37.554194,'BP VENTA DEL PERAL I','P','dm','L: 07:00-23:00',0),(169,'LEON','BANEZA (LA)','BANEZA (LA)',24750,'AVENIDA PORTUGAL, 46','N',-5.911417,42.292389,'GALP','P','dm','L-D: 07:00-00:00',0),(170,'LEON','CAMPO DE VILLAVIDEL','CAMPO DE VILLAVIDEL',24225,'CARRETERA A231 KM. 8','D',-5.520889,42.454889,'REPSOL','P','OM','L-D: 07:00-23:00',0),(171,'LEON','PONFERRADA','PONFERRADA',24400,'AVENIDA GALICIA, 86','D',-6.625694,42.560583,'REPSOL','P','OM','L-D: 07:00-23:00',0),(172,'LEON','LEON','LEON',24009,'AVENIDA SAENZ DE MIERA S/N, S/N','I',-5.577389,42.590833,'REPSOL','P','OM','L-D: 10:00-14:00 y 16:00-20:00',0),(173,'LEON','SAHAGUN','SAHAGUN',24320,'AVENIDA FERNANDO DE CASTRO, 39','D',-5.033111,42.368611,'RIALCE, S.L.','P','dm','L-V: 08:00-14:00 y 16:00-20:00; S: 09:00-13:00',0),(174,'LEON','VILLADANGOS DEL PARAMO','VILLADANGOS DEL PARAMO',24397,'CARRETERA N-120 (LEON-ASTORGA) KM. 322,300','I',-5.756417,42.524861,'GALP','P','OM','L-V: 07:00-22:00; S: 09:00-15:00; D: 09:00-23:00',0),(175,'LLEIDA','LLEIDA','LLEIDA',25191,'AVINGUDA INDUSTRIA, P. 504','N',0.660722,41.626361,'REPSOL BUTANO','P','dm','L-V: 09:00-13:30 y 16:00-19:00; S: 09:00-13:00',0),(176,'LLEIDA','TARREGA','TARREGA',25300,'AVENIDA BARCELONA, 26','N',1.149694,41.652472,'BONAREA','P','dm','L-D: 24H',0),(177,'LLEIDA','BELLPUIG','BELLPUIG',25250,'CARRETERA LV3344 KM. 1,5','I',1.000306,41.644444,'E.S.ARENES BELLPUIG','P','dm','L-D: 24H',0),(178,'LLEIDA','BORGES BLANQUES (LES)','BORGES BLANQUES (LES)',25400,'N-240  (C. C. BON AREA) km 71,15','I',0.8427049999999999,41.532891,'BONAREA','P','dm','L-D: 24H',0),(179,'LLEIDA','MOLLERUSSA','MOLLERUSSA',25230,'AVENIDA JAIME I, 24','I',0.8877780000000001,41.630056,'REPSOL','P','OM','L-D: 06:00-22:00',0),(180,'LLEIDA','TREMP','VILAMITJANA',25654,'CARRETERA ARTESA DE SEGRE A TREMP KM. 51','I',0.930444,42.141611,'BONAREA','P','dm','L-D: 24H',0),(181,'LLEIDA','VIELHA E MIJARAN','BETREN',25539,'Ctra.C-142 km s/n','D',0.8058609999999999,42.696583,'PETROCAT','P','OM','L-D: 24H',0),(182,'LUGO','FOZ','FOZ',27780,'RUA MIGUEL DE CERVANTES, 44','D',-7.260111,43.57183300000001,'LA OLA','P','dm','L-D: 07:00-23:00',0),(183,'LUGO','LUGO','LUGO',27003,'AVENIDA LA CORUNA, 310','D',-7.567166999999999,43.025667,'REPSOL','P','OM','L-D: 06:00-23:00',0),(184,'MALAGA','MALAGA','MALAGA',29016,'CARRETERA COMARCAL COIN-MALAGA KM. 89','D',-4.502306,36.66088900000001,'BP SAN ISIDRO','P','dm','L-D: 24H',0),(185,'MADRID','SAN LORENZO DE EL ESCORIAL','SAN LORENZO DE EL ESCORIAL',28200,'AUTOPISTA AP-6 KM. 42,3','D',-4.038167,40.643667,'CEPSA','P','OM','L-D: 24H',0),(186,'MADRID','NAVALCARNERO','NAVALCARNERO',28600,'CALLE ZACARIAS (DE), 20','D',-4.01,40.295111,'CHEAPOIL','P','dm','L-D: 24H',0),(187,'MADRID','PERALES DE TAJUNA','PERALES DE TAJUNA',28540,'CARRETERA N-3 KM. 39,2','I',-3.347528,40.229722,'REPSOL','P','dm','L: 06:00-22:00',0),(188,'MALAGA','VELEZ-MALAGA','VELEZ-MALAGA',29700,'CL AVDA. VIVAR TELLEZ, 26','D',-4.100278,36.776417,'LOS REMEDIOS','P','dm','L-D: 24H',0),(189,'MURCIA','CARAVACA DE LA CRUZ','CARAVACA DE LA CRUZ',30400,'CARRETERA GRANADA, P.J. SANTA INES KM. 1','N',-1.867944,38.089472,'GALP','P','dm','L-D: 24H',0),(190,'MURCIA','ABARAN','ABARAN',30550,'MU-413 km 2','D',-1.37772,38.207268,'LAS COLONIAS','P','dm','L-D: 24H',0),(191,'MURCIA','FUENTE ALAMO DE MURCIA','BALSAPINTADA',30332,'PARAJE CASAS DE PACO PEDRENO, S/N','D',-1.098278,37.75852800000001,'FYCSA FRESH AND CARRY,S.A.','P','dm','L-V: 09:00-14:00 y 16:00-19:00',0),(192,'MURCIA','JUMILLA','JUMILLA',30520,'AVENIDA LEVANTE (DE), 42','D',-1.321806,38.475028,'ESTACION DE SERVICIO LEVANTE','P','dm','L-D: 24H',0),(193,'MURCIA','LORCA','LORCA',30800,'CAMINO VILLAESPESA S/N APDO.217','I',-1.644972,37.6835,'ALIMER','P','dm','L-V: 08:00-20:00',0),(194,'MURCIA','MAZARRON','MAZARRON',30870,'AVENIDA DE LAS MORERAS, S/N','N',-1.316611,37.592972,'RASPA-OIL (SERV. ATENDIDO)','P','dm','L-D: 06:00-23:00',0),(195,'MURCIA','MULA','MULA',30170,'CARRETERA DE PLIEGO, S-No KM. 1','I',-1.499194,38.027806,'ESSER','P','dm','L: 06:00-22:00',0),(196,'MURCIA','MURCIA','BANOS Y MENDIGO',30153,'SAN JAVIER km 1,2','D',-1.107194,37.867139,'AIREMAR I','P','dm','L-D: 24H',0),(197,'MURCIA','YECLA','YECLA',30510,'C-3314 Km. 64,9','N',-1.102611,38.614667,'GALP','P','OM','L-D: 06:00-23:00',0),(198,'NAVARRA','ALTSASU/ALSASUA','ALTSASU/ALSASUA',31800,'AUTOVIA A1, KM. 402','D',-2.178556,42.896861,'GALP','P','OM','L-D: 24H',0),(199,'RIOJA (LA)','CALAHORRA','CALAHORRA',26500,'CARRETERA SAN ADRIAN S/N KM.','D',-1.953694,42.31225,'ADELFAS','P','dm','L-D: 06:00-22:00',0),(200,'NAVARRA','PAMPLONA/IRUNA','PAMPLONA/IRUNA',31006,'CALLE SADAR S/N, S/N','D',-1.6455830000000002,42.797694,'REPSOL','P','dm','L-D: 24H',0),(201,'NAVARRA','CASTEJON','CASTEJON',31590,'CARRETERA N-113 KM. 77','D',-1.696611,42.179222,'AN ENERGETICOS CASTEJON','P','dm','L-D: 24H',0),(202,'NAVARRA','BAZTAN','MUGAIRI(ORONOZ)',31720,'CR N-121, 48','D',-1.611139,43.137472,'AVIA','P','dm','L-D: 24H',0),(203,'NAVARRA','LESAKA','LESAKA',31770,'ZIOBI,6. POL. INDUSTRIAL ALKAIAGA','D',-1.6921669999999998,43.279444,'NEUMATICOS BIDASOA','P','dm','L-V: 08:00-20:00; S: 08:00-14:00',0),(204,'NAVARRA','BERBINZANA','BERBINZANA',31252,'CTRA. LERIN S/N','N',-1.837889,42.522889,'ENERGETICOS BERBINZANA','P','dm','L-D: 24H',0),(205,'NAVARRA','TUDELA','TUDELA',31500,'CARRETERA CTRA. ZARAGOZA KM. S/N','N',-1.588,42.0355,'EROSKI','P','dm','L-S: 09:30-22:00',0),(206,'NAVARRA','CINTRUENIGO','CINTRUENIGO',31592,'CARRETERA N-113 KM. 91,5','D',-1.79675,42.076944,'CEPSA','P','OM','L-D: 07:00-23:00',0),(207,'MALAGA','ANTEQUERA','ANTEQUERA',29200,'LUGAR RESIDENCIA DE LA VEGA, 1','I',-4.538417,37.026861,'PETROPRIX','P','dm','L-D: 24H',0),(208,'MALAGA','CASABERMEJA','CASABERMEJA',29160,'A-45 km 147,8','I',-4.429333,36.897833,'CEPSA','P','OM','L-D: 06:00-00:00',0),(209,'MALAGA','RONDA','RONDA',29400,'CALLE DON FRANCISCO CARRILLO DE MENDOZA Y MORALES, 1','D',-5.153194,36.754361,'MEROIL','P','dm','L-D: 24H',0),(210,'MALAGA','COIN','COIN',29100,'AVENIDA REINA SOFIA, S/N','D',-4.746917,36.664278,'BALLENOIL','P','dm','L-D: 24H',0),(211,'MALAGA','MARBELLA','MARBELLA',29600,'AVENIDA SEVERO OCHOA, 55','I',-4.873778,36.509306,'CEPSA','P','OM','L-D: 06:00-23:59',0),(212,'MALAGA','NERJA','NERJA',29780,'CALLE PAGO CASTILLO ALTO, 1','D',-3.885528,36.755389,'BALLENOIL','P','dm','L-D: 24H',0),(213,'MALAGA','HUMILLADERO','HUMILLADERO',29531,'CARRETERA A-92 KM. 135','D',-4.693528,37.131944,'CEPSA','P','dm','L-D: 24H',0),(214,'MURCIA','AGUILAS','AGUILAS',30880,'CTRA. DE LORCA, No 2 (C-3211A km 94,6)','I',-1.586222,37.40875,'CEPSA','P','OM','L-D: 24H',0),(215,'MURCIA','CALASPARRA','CALASPARRA',30420,'CARRETERA C-3314 KM. 14,100','I',-1.7350279999999998,38.205417,'EUROSOL','P','dm','L-D: 06:00-22:00',0),(216,'MURCIA','CARTAGENA','CABO DE PALOS',30370,'CTRA. CABO DE PALOS A LA MANGA km S/No','I',-0.707917,37.635167,'SHELL','P','OM','L-V: 07:00-22:00; S: 09:00-14:00',0),(217,'LUGO','MONFORTE DE LEMOS','MONFORTE DE LEMOS',27400,'AVENIDA GALICIA, 41','D',-7.513056,42.51975,'REPSOL','P','OM','L-D: 07:00-00:00',0),(218,'LUGO','VILALBA','VILALBA',27800,'CALLE CAMPO DEL PUENTE, SN','D',-7.672333,43.302639,'REPSOL','P','OM','L-D: 07:00-23:00',0),(219,'LUGO','VIVEIRO','VIVEIRO',27850,'CALLE SAN LAZARO, 3','D',-7.591806,43.667167,'REPSOL','P','OM','L-D: 07:00-23:00',0),(220,'MADRID','BUITRAGO DEL LOZOYA','BUITRAGO DEL LOZOYA',28730,'PLAZA HUERTA DE LAS FLORES, 2','D',-3.637528,40.997889,'CEPSA','P','dm','L-D: 08:00-22:00',0),(221,'MADRID','CABRERA (LA)','CABRERA (LA)',28751,'AVENIDA AVDA. DE LA CABRERA S/N JUNTO AL HOSTAL EL CANCHO DEL AGUILA (A-1 KM 60), S/N','N',-3.602389,40.875833,'SHELL','P','OM','L-D: 24H',0),(222,'SALAMANCA','SALAMANCA','SALAMANCA',37008,'AVENIDA ALDEHUELA, 10','D',-5.65325,40.957972,'REPSOL','P','dm','L-D: 06:30-22:30',0),(223,'SALAMANCA','CIUDAD RODRIGO','CIUDAD RODRIGO',37500,'AVENIDA SALAMANCA, S/N','I',-6.5288059999999986,40.604111,'CAMPSA','P','OM','L-D: 24H',0),(224,'SALAMANCA','FUENTES DE ONORO','NUEVO POBLADO',37480,'CARRETERA N-620 KM. 351,0','D',-6.818167,40.602611,'GALP','P','dm','L-D: 08:00-22:00',0),(225,'SALAMANCA','SANCTI-SPIRITUS','SANCTI-SPIRITUS',37470,'N-620 km 309,2','D',-6.416278,40.697972,'SHELL','P','OM','L-D: 24H',0),(226,'SEVILLA','SEVILLA','SEVILLA',41012,'AVENIDA MOLINI, 3','N',-5.988139,37.369361,'GALP','P','dm','L-D: 24H',0),(227,'SEGOVIA','CEREZO DE ABAJO','CEREZO DE ABAJO',40591,'CR N-1, 103','I',-3.591083,41.21908300000001,'PETRONOR','P','dm','L-D: 07:00-15:00 y 15:01-23:00',0),(228,'SEGOVIA','CUELLAR','CUELLAR',40200,'CARRETERA VALLADOLID S/N FINCA 16114 KM. 148','D',-4.3269720000000005,41.405972,'EL SURTIDOR','P','dm','L-D: 24H',0),(229,'SEGOVIA','SEGOVIA','SEGOVIA',40002,'PASEO EZEQUIEL GONZALEZ, 28','D',-4.122944,40.946111,'REPSOL','P','dm','L-D: 24H',0),(230,'SEGOVIA','MARTIN MUNOZ DE LA DEHESA','MARTIN MUNOZ DE LA DEHESA',40466,'AUTOVIA A-6 KM. 124','D',-4.699306,41.052917,'GALP','P','OM','L-D: 24H',0),(231,'AVILA','ADANERO','ADANERO',5296,'AUTOVIA DEL NOROESTE KM. 111','D',-4.614111,40.955639,'CEPSA','P','OM','L-D: 24H',0),(232,'SEVILLA','PARADAS','PARADAS',41610,'CARRETERA A-92 KM. 45','I',-5.500389,37.270056,'SHELL','P','OM','L-D: 24H',0),(233,'SEVILLA','PILAS','PILAS',41840,'AVENIDA DEL ALJARAFE,, 98','N',-6.289722,37.301917,'E.S.ALCARAYON (BP OIL)','P','dm','L-D: 24H',0),(234,'SORIA','SORIA','SORIA',42003,'CALLE FUEROS DE SORIA, 2','D',-2.471139,41.761389,'REPSOL','P','dm','L-D: 07:30-21:30',0),(235,'SEVILLA','CABEZAS DE SAN JUAN (LAS)','CABEZAS DE SAN JUAN (LAS)',41730,'AVENIDA JESUS NAZARENO, 99','D',-5.94025,36.99225,'LAVABU','P','dm','L-D: 24H',0),(236,'NAVARRA','ESTELLA/LIZARRA','ESTELLA O LIZARRA',31200,'CALLE MERKATONDOA, 7','N',-2.031194,42.663028,'EROSKI','P','dm','L-D: 24H',0),(237,'SEVILLA','CANTILLANA','CANTILLANA',41320,'CR SE-126, 0,5','D',-5.820083,37.605389,'REPSOL','P','dm','L-D: 24H',0),(238,'SEVILLA','VISO DEL ALCOR (EL)','VISO DEL ALCOR (EL)',41520,'CARRETERA TOCINA km 2','I',-5.73525,37.4,'TALA FOODS','P','dm','L: 05:30-00:00',0),(239,'SEVILLA','CARMONA','CARMONA',41410,'CALLE SEVILLA, 82','D',-5.650389,37.467389,'REPSOL','P','OM','L-D: 07:00-23:00',0),(240,'SEVILLA','CUERVO DE SEVILLA (EL)','CUERVO DE SEVILLA (EL)',41749,'CALLE TORNERO, 4','N',-6.034944,36.858111,'HERBI ENERGIA','P','dm','L-D: 24H',0),(241,'SEVILLA','ECIJA','ECIJA',41400,'CARRETERA E-5/A-4 KM. 460','D',-5.143778,37.523194,'CEPSA','P','dm','L-D: 06:00-22:00',0),(242,'SEVILLA','ESTEPA','ESTEPA',41560,'CL AVDA. BADIA POLESINE , 49','I',-4.883389,37.298667,'REPSOL','P','dm','L-D: 24H',0),(243,'SEVILLA','GUILLENA','GUILLENA',41210,'CARRETERA SE-180 KM. 10,6','D',-6.054917,37.535139,'REPSOL','P','OM','L-D: 06:00-22:00',0),(244,'SEVILLA','LEBRIJA','LEBRIJA',41740,'AVENIDA JOSE FERNANDEZ RUIZ, 60','I',-6.065778,36.920194,'CEPSA','P','dm','L-D: 24H',0),(245,'SEVILLA','LORA DEL RIO','LORA DEL RIO',41440,'POLIGONO POLIGONO INDUSTRIAL MATALLANA C/ CARRETERIA, 3','D',-5.548361,37.651778,'LOW COST LA MOVIL','P','dm','L-D: 24H',0),(246,'SEVILLA','MARCHENA','MARCHENA',41620,'CR A92 km 62,2','D',-5.323028,37.228972,'REPSOL','P','OM','L-D: 24H',0),(247,'SEVILLA','UTRERA','UTRERA',41710,'PLAZA TRIANILLA (DE LA), S/N','D',-5.78725,37.187056,'CEPSA','P','dm','L-S: 07:00-22:00; D: 09:00-14:00',0),(248,'SEVILLA','MORON DE LA FRONTERA','MORON DE LA FRONTERA',41530,'CALLE DE LA TRILLA, 1','N',-5.461528,37.125722,'GALP','P','dm','L-D: 07:00-23:00',0),(249,'SEVILLA','OSUNA','OSUNA',41640,'CALLE ALFONSO XII, 62','D',-5.113167,37.23875,'CEPSA','P','dm','L-D: 06:00-22:00',0),(250,'SORIA','ARCOS DE JALON','ARCOS DE JALON',42250,'AUTOVIA A-2 KM. 170,2','D',-2.260194,41.223944,'CEPSA','P','OM','L-D: 07:00-23:00',0),(251,'PONTEVEDRA','BARRO','BARRO',36191,'POLIGONO PARQUE EMPRESARIAL BARRO -MEIS PARCELA A-1, 1','D',-8.678333,42.513694,'ES RB','P','dm','L: 06:00-00:00',0),(252,'PONTEVEDRA','VIGO','VIGO',36214,'AVENIDA MADRID, S/N','N',-8.700889,42.214083,'ALCAMPO VIGO','P','dm','L-D: 24H',0),(253,'PONTEVEDRA','CANIZA (A)','CANIZA (A)',36880,'CARRETERA CARRETERA CANIZA - CRECIENTE S/N KM. 0,50','D',-8.267611,42.207083,'REPSOL','P','dm','L-D: 24H',0),(254,'PONTEVEDRA','ESTRADA (A)','ESTRADA (A)',36680,'CL SAN PELAY0, 73','D',-8.490111,42.695278,'REPSOL','P','OM','L-D: 07:00-23:00',0),(255,'CORUNA (A)','VEDRA','PONTE ULLA',15881,'CARRETERA N-525 KM. 322','D',-8.406444,42.777528,'PONTEULLA','P','dm','L-D: 24H',0),(256,'PONTEVEDRA','LALIN','LALIN',36500,'CALLE RUA DO RIO, S/N, S/N','N',-8.121583,42.664806,'REPSOL','P','dm','L: 09:00-23:00',0),(257,'PONTEVEDRA','PONTEAREAS','PONTEAREAS',36860,'CARRETERA REDONDELA KM. 1','D',-8.500111,42.170389,'CARBUNOR','P','dm','L-D: 06:30-23:00',0),(258,'PONTEVEDRA','SILLEDA','SILLEDA',36540,'CARRETERA PO-2205 KM. 21,4','N',-8.250833,42.691028,'COBIDEZA','P','dm','L-S: 09:00-14:00 y 16:00-20:00',0),(259,'RIOJA (LA)','BRIONES','BRIONES',26330,'N-232 km 441,5','D',-2.7728330000000003,42.536389,'CEPSA','P','OM','L-V: 11:00-19:00',0),(260,'RIOJA (LA)','HARO','HARO',26200,'AVENIDA LA RIOJA, 4','N',-2.851139,42.575222,'PETRONOR','P','dm','L: 06:30-22:00',0),(261,'RIOJA (LA)','NAJERA','NAJERA',26300,'CALLE SAN FERNANDO, 120','D',-2.71725,42.415861,'ADELFAS','P','dm','L-D: 06:00-22:00',0),(262,'TARRAGONA','ALCANAR','ALCANAR',43530,'CARRETERA NACIONAL 340 SEC H KM. 1059','I',0.5068060000000001,40.533583,'SHELL','P','OM','L-D: 24H',0),(263,'NAVARRA','LARRAUN','GORRITI',31877,'AUTOVIA A-15 (MRG.DCHO.) KM. 134,4','D',-1.955944,43.058806,'CEPSA','P','OM','L-D: 24H',0),(264,'NAVARRA','VILLAFRANCA','VILLAFRANCA',31330,'POLIGONO ALESVES, N','D',-1.74425,42.272444,'COMBUSTIBLES VILLAFRANCA','P','dm','L-D: 24H',0),(265,'NAVARRA','TAFALLA','TAFALLA',31300,'CARRETERA ZARAGOZA, KM 33.5 KM. 33','I',-1.675778,42.514472,'AVIA','P','dm','L-D: 06:00-22:00',0),(266,'NAVARRA','PERALTA','PERALTA',31350,'CARRETERA PERALTA KM. 128','D',-1.789972,42.335944,'EROSKI','P','dm','L-D: 24H',0),(267,'NAVARRA','URDAZUBI/URDAX','URDAZUBI / URDAX',31711,'BARRIO DANTXARINEA, 2','D',-1.505806,43.289583,'CEPSA','P','OM','L-D: 08:00-20:00',0),(268,'OURENSE','OURENSE','OURENSE',32005,'AVDA. DE ZAMORA 140','N',-7.862383,42.321219,'ESTACION DE SERVICIO MARINAMANSA','P','dm','L-D: 24H',0),(269,'OURENSE','RIBADAVIA','RIBADAVIA',32400,'AUTOVIA A52 km 249','D',-8.093972,42.31425,'CEPSA','P','OM','L-D: 24H',0),(270,'OURENSE','MASIDE','MASIDE',32570,'N-541 km 24,7','I',-8.057944,42.425806,'CEPSA','P','dm','L: 07:00-23:00',0),(271,'OURENSE','RAMIRAS','RAMIRAS',32593,'OU-531 km 32,500','D',-8.004188000000001,42.177413,'E.S. 2001','P','dm','L-D: 07:00-23:00',0),(272,'OURENSE','XINZO DE LIMIA','XINZO DE LIMIA',32630,'CL A DEVESA, S.N.','I',-7.727083,42.075556,'REPSOL','P','dm','L-D: 07:00-23:00',0),(273,'PALENCIA','PALENCIA','PALENCIA',34004,'AVENIDA ANDALUCIA, 180','N',-4.510972,41.990694,'AVIA','P','dm','L-D: 24H',0),(274,'PALENCIA','TORQUEMADA','TORQUEMADA',34230,'CARRETERA N-620 KM. 61','D',-4.252417,42.051056,'LAS LAGUNAS','P','dm','L-D: 24H',0),(275,'TARRAGONA','ALDEA (L\')','ALDEA (L\')',43896,'AUTOPISTA AP-7 (MRG.DCHO.) KM. 317','D',0.6262220000000001,40.765028,'CEPSA','P','OM','L-D: 24H',0),(276,'TARRAGONA','DELTEBRE','DELTEBRE',43580,'AVENIDA GENERALITAT, 44','D',0.725333,40.718556,'REPSOL','P','OM','L-D: 06:00-00:00',0),(277,'TARRAGONA','MONTBLANC','MONTBLANC',43400,'AVENIDA MURALLA SANTA TECLA, 10','D',1.164611,41.374361,'REPSOL','P','OM','L-D: 06:00-00:00',0),(278,'TARRAGONA','VANDELLOS I L\'HOSPITALET DE L\'INFANT','VANDELLOS',43891,'CR N-340, 1128,2','I',0.908194,40.989056,'REPSOL','P','OM','L-D: 06:00-22:00',0),(279,'TARRAGONA','MORA LA NOVA','MORA LA NOVA',43770,'CARRETERA CTRA. N-420 KM. 467,100','N',0.647917,41.093722,'REPSOL','P','OM','L-D: 06:00-22:00',0),(280,'TARRAGONA','VALLS','VALLS',43800,'CALLE CTRA. DE MONTBLANC, 34','D',1.249472,41.2885,'REPSOL','P','OM','L-D: 06:00-22:00',0),(281,'TERUEL','CELLA','CELLA',44370,'N-234 km 141','D',-1.251333,40.482583,'CEPSA','P','dm','L-V: 07:00-22:00; S: 08:00-14:00; D: 11:00-21:00',0),(282,'TERUEL','MONREAL DEL CAMPO','MONREAL DEL CAMPO',44300,'POLIGONO EL TOLLO PARCELA, 2/31','D',-1.339556,40.772944,'FYCASA LOGISTICA S.L.','P','dm','L-D: 24H',0),(283,'TERUEL','TERUEL','TERUEL',44001,'AVENIDA ZARAGOZA, 22','D',-1.116611,40.347889,'CEPSA','P','dm','L-D: 07:00-23:00',0),(284,'TOLEDO','CABANAS DE LA SAGRA','CABANAS DE LA SAGRA',45592,'AUTOVIA A42 (ENLACE CTRA TO-2516, PK 0,50) KM. 55','D',-3.964,39.992361,'REPSOL','P','dm','L-D: 24H',0),(285,'TOLEDO','OTERO','OTERO',45543,'AUTOVIA EXTREMADRUA KM. 87','I',-4.505278,40.020917,'CEPSA','P','OM','L-D: 06:00-22:00',0),(286,'TOLEDO','CASARRUBIOS DEL MONTE','CASARRUBIOS DEL MONTE',45950,'CARRETERA N-V KM. 40','D',-4.075417,40.223417,'SHELL','P','OM','L-D: 24H',0),(287,'TOLEDO','TALAVERA DE LA REINA','TALAVERA DE LA REINA',45600,'AV EXTREMADURA  1','N',-4.826611,39.961944,'BP TALVAR','P','dm','L-D: 24H',0),(288,'TOLEDO','MADRIDEJOS','MADRIDEJOS',45710,'CR C-400 66 (C-400 km 66,07)','I',-3.5564440000000004,39.46458300000001,'REPSOL','P','dm','L-V: 06:00-22:00; S-D: 06:00-22:00',0),(289,'TOLEDO','TORRIJOS','TORRIJOS',45500,'AVENIDA TOLEDO, 1','D',-4.27425,39.98,'CEPSA','P','dm','L-V: 08:00-21:00',0),(290,'TOLEDO','MORA','MORA',45400,'CL/ TOLEDO 85 (C-400 km 30,7)','D',-3.77725,39.689194,'HNOS.FERNANDEZ','P','dm','L-V: 06:00-21:00; S: 08:00-21:00; D: 08:00-14:00',0),(291,'TOLEDO','OCANA','OCANA',45300,'PZA. DE PILAREJO, 1','N',-3.503528,39.955944,'CEPSA','P','OM','L-V: 06:30-22:30; S-D: 09:00-21:00',0),(292,'VALENCIA / VALENCIA','REQUENA','REQUENA',46340,'CARRETERA MADRID-VALENCIA KM. 275,5','I',-1.106194,39.484028,'REPSOL','P','OM','L-D: 06:00-22:00',0),(293,'VALENCIA / VALENCIA','UTIEL','UTIEL',46300,'CARRETERA N-III KM. 263,1','D',-1.197333,39.563306,'CAMPSA','P','OM','L-D: 24H',0),(294,'VALENCIA / VALENCIA','CARCAIXENT','CARCAIXENT',46740,'CALLE EMILIO DONAT, S/N','N',-0.455028,39.11552800000001,' AGRICAR','P','dm','L-D: 24H',0),(295,'VALENCIA / VALENCIA','XERACO','XERACO',46770,'N-332 km 232,9','D',-0.226222,39.046139,'CEPSA','P','OM','L-D: 24H',0),(296,'VALENCIA / VALENCIA','GODELLETA','GODELLETA',46388,'CARRETERA DE LA A3 A GODELLETA KM 11,7 KM. 11,7','N',-0.680722,39.42502800000001,'GALP','P','dm','L-D: 06:00-22:00',0),(297,'VALLADOLID','ALDEAMAYOR DE SAN MARTIN','ALDEAMAYOR DE SAN MARTIN',47162,'AUTOVIA CARRETERA SG 601 KM 13,75 KM. 13,750','N',-4.658667,41.541917,'VALCARCE','P','dm','L-D: 24H',0),(298,'VALLADOLID','VALLADOLID','VALLADOLID',47013,'AVENIDA SEGOVIA, 44','I',-4.721889,41.63713900000001,'REPSOL','P','OM','L-D: 07:00-23:00',0),(299,'VALLADOLID','MEDINA DEL CAMPO','MEDINA DEL CAMPO',47400,'CRTA.PENARANDA S/N - C.C. CAPRABO','N',-4.907694,41.300389,'SARAS ENERGIA','P','OM','L-V: 07:00-22:00; S-D: 08:00-22:00',0),(300,'VALLADOLID','TORDESILLAS','VILLAMARCIEL',47132,'CARRETERA A-62 KM. 142','D',-4.895778,41.539972,'REPSOL','P','OM','L-D: 07:00-23:00',0),(301,'VIZCAYA','DURANGO','DURANGO',48200,'CARRETERA ELORRIO KM. S/N','N',-2.620333,43.164944,'SIMPLY','P','dm','L-D: 24H',0),(302,'VIZCAYA','GERNIKA-LUMO','GERNIKA-LUMO',48300,'CTRA. GERNIKA-AMOREBIETA km KM 1,5','D',-2.686944,43.2965,'AVIA','P','dm','L-D: 06:00-00:00',0),(303,'ZAMORA','BENAVENTE','BENAVENTE',49600,'CALLE SIMON BOLIVAR, S/N','N',-5.662333,42.0075,'STAROIL','P','dm','L-D: 24H',0),(304,'ZAMORA','TORO','TORO',49800,'CARRETERA N-122 KM. 425,5','I',-5.3861940000000015,41.523167,'REPSOL','P','OM','L-D: 07:00-23:00',0),(305,'VALENCIA / VALENCIA','ONTINYENT','ONTINYENT',46870,'AVENIDA TEXTIL, 42','D',-0.588056,38.827194,'REPSOL','P','dm','L-D: 06:00-22:00',0),(306,'ZAMORA','VILLALPANDO','VILLALPANDO',49630,'CM  HERRADO S/N','D',-5.406466,41.853645,'AGRINZA','P','dm','L-D: 24H',0),(307,'ZAMORA','ZAMORA','ZAMORA',49022,'AVENIDA REQUEJO, 31','N',-5.7363610000000005,41.510583,'LOSADA REPSOL - AVENIDA','P','dm','L-D: 24H',0),(308,'ZARAGOZA','BORJA','BORJA',50540,'CALLE BARBALANCA-CENICERO, S/N','N',-1.5166110000000002,41.832806,'BOLA','P','dm','L-D: 24H',0),(309,'ZARAGOZA','ZARAGOZA','ZARAGOZA',50011,'CARRETERA CTRA.LOGRONO 42 KM. 243,420','D',-0.930833,41.663389,'ES MIRALBUENO CEPSA','P','dm','L-D: 24H',0),(310,'ZARAGOZA','ALFAJARIN','ALFAJARIN',50172,'CARRETERA NACIONAL II KM. 341','N',-0.691639,41.606417,'REPSOL','P','OM','L-D: 24H',0),(311,'ZARAGOZA','CALATORAO','CALATORAO',50280,'AUTOPISTA A-2 KM. 276,9','N',-1.32125,41.50175,'BP','P','dm','L-V: 06:00-00:00; S: 07:00-22:00; D: 07:00-00:00',0),(312,'ZARAGOZA','CETINA','CETINA',50292,'CARRETERA ENLACE AUTOVIA ARAGON KM. 200','I',-1.964361,41.305917,'AVIA','P','dm','L-D: 08:00-22:00',0),(313,'ZARAGOZA','CALATAYUD','CALATAYUD',50300,'AVENIDA FUERZAS ARMADAS, SN','N',-1.631528,41.353,'ALCAMPO','P','dm','L-D: 24H',0),(314,'ZARAGOZA','CASPE','CASPE',50700,'AVENIDA COSTA JOAQUIN, 3','N',-0.04375,41.235944,'CEPSA','P','dm','L-D: 06:00-22:00',0),(315,'ZARAGOZA','EJEA DE LOS CABALLEROS','EJEA DE LOS CABALLEROS',50600,'CARRETERA A-127 KM. 32,3','D',-1.144528,42.126806,'CEPSA','P','OM','L-V: 07:00-22:00; S: 09:00-14:00',0),(316,'ZARAGOZA','GALLUR','GALLUR',50650,'AU A-68, 254','D',-1.32,41.83425,'REPSOL','P','OM','L-D: 07:00-23:00',0),(317,'ZARAGOZA','MALLEN','MALLEN',50550,'CALLE JUAN CARLOS I REY DE ESPANA, 20','D',-1.419667,41.903278,'COOPERATIVA COMARCAL STMO CRISTO DE LA COLUMNA','P','dm','L-D: 24H',0),(318,'ZARAGOZA','PEDROLA','PEDROLA',50690,'CARRETERA N-232 KM. 271,200','I',-1.216889,41.772806,'CEPSA','P','OM','L-D: 24H',0),(319,'ZARAGOZA','TARAZONA','TARAZONA',50500,'PG. CUNCHILLOS, S/N','N',-1.714694,41.906694,'ARENTO-COOP.SAN ATILANO','P','dm','L-D: 24H',0),(320,'ZARAGOZA','TAUSTE','TAUSTE',50660,'VIA PERIMETRAL, S/N','D',-1.255333,41.912194,'E.S. SANCHO ABARCA','P','dm','L-D: 24H',0),(321,'TOLEDO','QUINTANAR DE LA ORDEN','QUINTANAR DE LA ORDEN',45800,'AVENIDA IV CENTENARIO, 42','D',-3.045194,39.587694,'PETROCOES','P','dm','L-D: 24H',0),(322,'TOLEDO','VILLACANAS','VILLACANAS',45860,'CR C-402, 106,3','D',-3.34575,39.616333,'REPSOL','P','OM','L-D: 07:00-23:00',0),(323,'VALENCIA / VALENCIA','BELLREGUARD','BELLREGUARD POBLE',46713,'N-332 P.K. 220','N',-0.165,38.949389,'GALP','P','OM','L-V: 06:00-22:00; S: 07:00-22:00; D: 07:00-21:00',0),(324,'VALENCIA / VALENCIA','FONT DE LA FIGUERA (LA)','FONT DE LA FIGUERA (LA)',46630,'CALLE BARRANCO, S/N','N',-0.8837780000000001,38.809417,'COOP LA VINA','P','dm','L-D: 24H',0),(325,'VALENCIA / VALENCIA','MONSERRAT','MONSERRAT',46192,'CV-405 km 17,5','I',-0.611194,39.348278,'BON+SERVICI+COOP.V.','P','dm','L-D: 07:00-21:00',0),(326,'AVILA','AVILA','AVILA',5001,'AVENIDA MADRID, 4','N',-4.692167,40.657889,'REPSOL','P','OM','L-D: 24H',0),(327,'BADAJOZ','ALMENDRALEJO','ALMENDRALEJO',6200,'CARRETERA GIJON-SEVILLA KM. 38','D',-6.405556,38.691944,'LOW COST LOS POZUELOS','P','dm','L-D: 06:00-22:30',0),(328,'BADAJOZ','BADAJOZ','BADAJOZ',6004,'PLAZA PLAZA DEL PILAR, S/N, S/N','N',-6.9713059999999984,38.874333,'REPSOL','P','dm','L-S: 07:00-21:00; D: 07:00-14:00',0),(329,'BADAJOZ','MERIDA','MERIDA',6800,'AVENIDA HISPANIDAD, 2','D',-6.361778,38.916028,'HERMANOS GUILLEN MONTERO S.A.','P','dm','L-D: 24H',0),(330,'BADAJOZ','CASTUERA','CASTUERA',6420,'CALLE ZURBARAN, 2','D',-5.545,38.726083,'CEPSA','P','dm','L-S: 08:00-14:00 y 17:00-20:30',0),(331,'BADAJOZ','DON BENITO','DON BENITO',6400,'AVENIDA VEGAS ALTAS DE LAS, 120','D',-5.834306,38.963528,'LUXOIL','P','dm','L-D: 07:00-22:00',0),(332,'BADAJOZ','MONTIJO','MONTIJO',6480,'CARRETERA LOBON LA ROCA KM. 5,300','I',-6.608028,38.902417,'GALP ENERGIA','P','dm','L-D: 24H',0),(333,'BADAJOZ','ZAFRA','ZAFRA',6300,'CALLE GUADIANA, S/N','D',-6.404139,38.418917,'IBERDOEX','P','dm','L-D: 24H',0),(334,'BADAJOZ','TALAVERA LA REAL','TALAVERA LA REAL',6140,'CARRETERA DE LA ALBUERA EX363 KM. 0,300','I',-6.775861,38.877167,'AUTOOIL','P','dm','L-D: 24H',0),(335,'BADAJOZ','BADAJOZ','GUADIANA DEL CAUDILLO',6186,'PROLONGACIO/PROLONGACION RONDA OESTE, S/N','N',-6.693472,38.923306,'SAN VALERIANO EXTREMENO SCL','P','dm','L-D: 24H',0),(336,'BADAJOZ','VILLAFRANCA DE LOS BARROS','VILLAFRANCA DE LOS BARROS',6220,'CR N-630, 664,5','D',-6.350056,38.562694,'REPSOL','P','OM','L-D: 24H',0),(337,'BARCELONA','BERGA','BERGA',8600,'PASSEIG DE LA PAU, S/N','N',1.845222,42.099194,'BP OIL','P','dm','L-D: 24H',0),(338,'BARCELONA','BRUC (EL)','BRUC (EL)',8294,'AUTOVIA N-II KM. 573','N',1.779611,41.582056,'GALP','P','OM','L-D: 24H',0),(339,'BARCELONA','CALAF','CALAF',8280,'POLIG. IND. LES GARRIGUES, 24, C. BON AREA','N',1.526815,41.733111,'BONAREA','P','dm','L-D: 24H',0),(340,'BARCELONA','ODENA','ODENA',8711,'CARRETERA C-244C KM. 0,05','N',1.6362219999999998,41.578722,'SHELL','P','OM','L-S: 08:00-20:00',0),(341,'BARCELONA','MOIA','MOIA',8180,'AVINGUDA ZONA INDUSTRIAL, S/N','N',2.104444,41.808056,'AREA DIESEL','P','dm','L-D: 24H',0);
/*!40000 ALTER TABLE `GasolinerasPropuesta` ENABLE KEYS */;
UNLOCK TABLES;

--
-- Table structure for table `PuntosCarga`
--

DROP TABLE IF EXISTS `PuntosCarga`;
/*!40101 SET @saved_cs_client     = @@character_set_client */;
/*!50503 SET character_set_client = utf8mb4 */;
CREATE TABLE `PuntosCarga` (
  `indice` int NOT NULL AUTO_INCREMENT,
  `name` text,
  `formatted_address` text,
  `latitude` double DEFAULT NULL,
  `longitude` double DEFAULT NULL,
  `province` text,
  `status` int NOT NULL,
  PRIMARY KEY (`indice`)
) ENGINE=InnoDB AUTO_INCREMENT=354 DEFAULT CHARSET=utf8mb4 COLLATE=utf8mb4_0900_ai_ci;
/*!40101 SET character_set_client = @saved_cs_client */;

--
-- Dumping data for table `PuntosCarga`
--

LOCK TABLES `PuntosCarga` WRITE;
/*!40000 ALTER TABLE `PuntosCarga` DISABLE KEYS */;
INSERT INTO `PuntosCarga` VALUES (1,'ENDESA Charging Station','Calle Jos Saramago, 29660 Marbella, Mlaga',36.4891,-4.9531,'Mlaga',1),(2,'Tesla Destination Charger','Calle Las Violetas, 4, 29660 Marbella, Mlaga',36.48981320000001,-4.9616535000000015,'Mlaga',1),(3,'be.ENERGISED Charging Station','42 Calle Ribera Marbella 29660 ES',36.48600020000001,-4.9544023,'Mlaga',1),(4,'Tesla Destination Charger','Plaza de Cibeles, s/n, 29660 Marbella, Mlaga',36.509707,-4.979749,'Mlaga',1),(5,'Tesla Destination Charger','Hotel Benabola, 3 Calle Benabola, Calle Benabola, 29660 Marbella, Mlaga',36.485294,-4.954905999999999,'Mlaga',1),(6,'ENDESA Charging Station','Calle Ramn Areces, s/n, 29660 Marbella, Mlaga',36.489937,-4.952054,'Mlaga',1),(7,'Tesla Destination Charger','Av de Sor Teresa Prat, 11, 29003 Mlaga',36.7003502,-4.4391645,'Mlaga',1),(8,'Iberdrola Clientes Charging Station','Av. de Velzquez, 389, 29004 Mlaga',36.658543,-4.482724999999999,'Mlaga',1),(9,'Andalucia Tech','29010 Mlaga',36.7187625,-4.49456,'Mlaga',1),(10,'Camping El Sur','Carretera Ronda-Algeciras, Km 1.5, 29400 Ronda, Mlaga',36.7209434,-5.172418599999999,'Mlaga',1),(11,'Princesa - Huelin','29003 Mlaga',36.7043139,-4.4401361,'Mlaga',1),(12,'Andaluca Tech','29010 Mlaga',36.7188333,-4.4943306,'Mlaga',1),(13,'Estacon de Ronda Adif','Av. Andaluca, 31, 29400 Ronda, Mlaga',36.7484192,-5.161958400000001,'Mlaga',1),(14,'Estacin de Servicio Repsol','Av. de Andaluca, 169, D, 29740 Torre del Mar, Mlaga',36.7372871,-4.1018186000000005,'Mlaga',1),(15,'Puerta Blanca','Av. de Velzquez, 103, 29004 Mlaga',36.6915103,-4.455984700000001,'Mlaga',1),(16,'El Torcal','29003 Mlaga',36.6997373,-4.4460788,'Mlaga',1),(17,'Estacion FF. CC.','29510 Barriada Estacin, Mlaga',36.81996,-4.6997452000000015,'Mlaga',1),(18,'Barriada Estacion','29510 Barriada Estacin, Mlaga',36.8210519,-4.6996915,'Mlaga',1),(19,'Punto Recarga Coche Electrico','Av. de los Guindos, 112, 29004 Mlaga',36.689698,-4.4428559000000005,'Mlaga',1),(20,'Barriada Estacin','29510 Barriada Estacin, Mlaga',36.82086109999999,-4.699561099999999,'Mlaga',1),(21,'Terminal Fuengirola','Calle Alfonso XIII, 5, 29640 Fuengirola, Mlaga',36.5415,-4.62293,'Mlaga',1),(22,'Tesla Destination Charger','Plaza Andaluca, s/n, 23400 beda, Jan',38.0109412,-3.3718719,'Jan',1),(23,'Estacin de Servicio Repsol','Av. de Andaluca, S.N, D, 23680 Alcal la Real, Jan',37.4506807,-3.9208746,'Jan',1),(24,'Aparcamientos beda','Plaza Andaluca, S/N, 23400 beda, Jan',38.0109523,-3.3718635000000003,'Jan',1),(25,'beda','Calle San Jos, 23400 beda, Jan',38.0123843,-3.3785089,'Jan',1),(26,'ENDESA Charging Station','Andaluca Plaza, 4, 18196 Sierra Nevada, Granada',37.09317,-3.3993290000000003,'Granada',1),(27,'Iberdrola Clientes Charging Station','Calle Scrates, 0, 18002 Granada',37.176527,-3.605102,'Granada',1),(28,'Concesionario Renault Japemasa','Avenida Andaluca, S/N, 18015 Granada',37.198289,-3.636791000000001,'Granada',1),(29,'Estacin Naturgy Granada','Avenida de Andaluca, s/n BO PP-I5 Fatinafar I, 18015 Granada',37.1975327,-3.6412093,'Granada',1),(30,'Estacin ITV Granada - VEIASA','Av. de Andaluca, s/n, 18015 Granada',37.198033,-3.6449265,'Granada',1),(31,'Estacin de Autobuses de Granada','Av. de Juan Pablo II, s/n, 18014 Granada',37.199694,-3.613654,'Granada',1),(32,'Estacon de Granada Adif','Av. de Andaluces, S/N, 18014 Granada',37.1839999,-3.6091361000000006,'Granada',1),(33,'GiC - Gestion Inteligente de Cargas Charging Station','3 Av. Molini Cirve, 41012',37.379102,-6.0011959999999975,'Sevilla',1),(34,'Iberdrola Clientes Charging Station','Calle Betis, 41010 Sevilla',37.385516,-6.002879,'Sevilla',1),(35,'Tesla Supercharger','Calle Cordoba, 15, 41550 Aguadulce, Sevilla',37.2568683,-4.986181299999998,'Sevilla',1),(36,'ESTACION ADIF','SE-766, 41590 La Roda de Andaluca, Sevilla',37.2093876,-4.7750433,'Sevilla',1),(37,'Iberdrola Clientes Charging Station','41400 Sevilla',37.3868593,-5.999740099999999,'Sevilla',1),(38,'Estacin Naturgy Sevilla-Tussam','Av. de Andaluca, 11, 41007 Sevilla',37.3871876,-5.9458237,'Sevilla',1),(39,'Estacin de servicio Cepsa','Virgen Del Carmen, 1, 41420 Fuentes de Andaluca, Sevilla',37.464864,-5.342735999999999,'Sevilla',1),(40,'Estacin de Servicio Repsol','N-334, 124,8 IZ, 41590 La Roda de Andaluca, Sevilla',37.2144208,-4.777266300000001,'Sevilla',1),(41,'Estacin de Sevilla-Santa Justa','Sevilla',37.3911385,-5.9754708,'Sevilla',1),(42,'Sevilla Santa Justa','41007, Calle Joaquin Morales y Torres, 41003 Sevilla',37.391863,-5.975339,'Sevilla',1),(43,'Estacin de Servicio Repsol','A-92 Km. 1,50 I, 41020 Sevilla',37.3870273,-5.9350013,'Sevilla',1),(44,'Estacin De Servicio Martnez Castanedo Hermanos','Calle Reconquista de Sevilla, 15, 39770 Laredo, Cantabria',43.4102385,-3.4128642,'Sevilla',1),(45,'Tesla Supercharger','Av. Ada Lovelace, 23, 28906 Getafe, Madrid',40.2903543,-3.6963012,'Madrid',1),(46,'Estacin de carga de vehculos elctricos','28597 Fuentiduea de Tajo, Madrid',40.1201168,-3.1522568,'Madrid',1),(47,'ENDESA Charging Station','Plaza de San Cayetano, s/n, 28028 Madrid',40.4342759,-3.670748,'Madrid',1),(48,'ENDESA Charging Station','Av. de Espaa, 18, 28941 Fuenlabrada, Madrid',40.292186,-3.798177,'Madrid',1),(49,'Tesla Destination Charger','Calle Colegios, 8, 28801 Alcal de Henares, Madrid',40.48154810000001,-3.3608592000000006,'Madrid',1),(50,'Centrowagen Audi Badajoz','Av. Madrid-Lisboa, km399, 06008 Badajoz',38.8745699,-6.954619900000001,'Madrid',1),(51,'EasyCharger Estacin de carga','06200 Almendralejo, Badajoz',38.7099152,-6.400288700000001,'Badajoz',1),(52,'Iberdrola Charging Station','Paseo de Extremadura, 2, 06260 Monesterio, Badajoz',38.093548,-6.276211,'Badajoz',1),(53,'Tesla Supercharger','06800 Mrida, Badajoz',38.9211108,-6.3757005,'Badajoz',1),(54,'Estacin de carga de vehculos elctricos','Av. de Elvas, S/N, 06006 Badajoz',38.8851783,-7.021799400000001,'Badajoz',1),(55,'Estacin de servicio Cepsa AVDA. EXTREMADURA','Av. Extremadura, 15, 06800 Mrida, Badajoz',38.9204921,-6.3406037,'Badajoz',1),(56,'Estacin de servicio Cepsa CALAMONTE','AVDA. DE EXTREMADURA, 76, 06810 Calamonte, Badajoz',38.8944266,-6.3865652000000015,'Badajoz',1),(57,'Estacin de Servicio Repsol','Av. de Extremadura, 67, 06910 Granja de Torrehermosa, Badajoz',38.3048287,-5.5942777,'Badajoz',1),(58,'Estacin de Servicio Repsol','Av. de Extremadura, S.N, 06850 Arroyo de San Servn, Badajoz',38.86095570000001,-6.454535799999999,'Badajoz',1),(59,'Estacin de servicio Cepsa','Av. Extremadura, S/n, 06420 Castuera, Badajoz',38.729667,-5.545652,'Badajoz',1),(60,'Centro Comercial El Faro','El Faro del Guadiana Shopping Centre, Av. de Elvas, s/n, 06006 Badajoz',38.8838177,-7.0223014999999975,'Badajoz',1),(61,'Estacon de Merida Adif','Calle Cardero, S/N, 06800 Mrida, Badajoz',38.9213911,-6.343072900000001,'Badajoz',1),(62,'Iberdrola Charging Station','Calle Andaluca, 169, 34004 Palencia',41.990766,-4.511121,'Palencia',1),(63,'Easycharger Estacin de carga','Calle Obispo Nicols Castellanos, 1, Entreplanta C Izquierda, 34001 Palencia',42.0132388,-4.5337654,'Palencia',1),(64,'ENDESA Charging Station','Calle Extremadura, 13, 34004 Palencia',42.004862,-4.518477,'Palencia',1),(65,'Tesla Supercharger','Carretera N-iv K-173,100, 29, 13200 Manzanares, Cdad. Real',39.0063666,-3.3832406,'Ciudad Real',1),(66,'Iberdrola Charging Station','Area de Servicio Taray, 13210 Villarta de San Juan, Cdad. Real',39.2505219,-3.430358,'Ciudad Real',1),(67,'Iberdrola Clientes Charging Station','N-430, 309, 13005 Ciudad Real, Cdad. Real',38.9873468,-3.914091200000001,'Ciudad Real',1),(68,'Tesla Destination Charger','no name, Calle de Pedro Oviedo, 8, 13270 Almagro, Cdad. Real',38.888267,-3.717387,'Ciudad Real',1),(69,'ENDESA Charging Station','2 Travesa, Calle Torre lvarez, 1, 30007 Murcia',37.997741,-1.1360860000000002,'Murcia',1),(70,'Iberdrola Charging Station','Polgono Ascoy, 11B, 30530 Cieza, Murcia',38.25940900000001,-1.433424,'Murcia',1),(71,'Endesa Estacin de carga','Salida 606, Autova del Mediterrneo, 30848',37.793808,-1.428134,'Murcia',1),(72,'Endesa Estacin de carga','Calle Mallorca, 21, 30730 San Javier, Murcia',37.7951474,-0.8385684000000001,'Murcia',1),(73,'Estacin de Carga de Vehculos Elctricos','Paseo Alfonso XIII, 30203 Cartagena, Murcia',37.60692279999999,-0.9823205,'Murcia',1),(74,'Estacin de Vehculo Elctrico','Plaza de Carruajes, 30800 Lorca, Murcia',37.6719381,-1.6966689,'Murcia',1),(75,'Iberdrola Charging Station','Av. Juan Carlos I, 2, 30400 Caravaca de la Cruz, Murcia',38.102619,-1.866819,'Murcia',1),(76,'Estacin de carga de vehculos elctricos','Carrer de Jos Pomer, 3, 46920 Mislata, Valencia',39.4754183,-0.4182892,'Valencia',1),(77,'Estacin de carga de EV','Unnamed Road, 46340, 46340, Valencia',39.4898665,-1.1085473,'Valencia',1),(78,'estacion de carga','46711 Miramar, Valencia, Valencia',38.9483404,-0.1410664,'Valencia',1),(79,'EasyCharger Estacin de carga','46317 Villargordo del Cabriel, Valencia',39.52891629999999,-1.4335149,'Valencia',1),(80,'EDP Comercializadora, SAU Charging Station','Avinguda de Les Moreres, 46500 Sagunt, Valencia',39.6742113,-0.2635329,'Valencia',1),(81,'Fenie Energia Charging Station','Carrer de la Casa d\'Osca, 3, 46870 Ontinyent, Valencia',38.8586433,-0.5826854,'Valencia',1),(82,'Apartamentos Maier','Calle San Nicols, 4, 11002 Cdiz',36.52945,-6.301842,'Cdiz',1),(83,'Estacin de Autobuses de Jerez De La Frontera','11401 Jerez de la Frontera, Cdiz',36.6795451,-6.126471,'Cdiz',1),(84,'Estacin de Autobuses de Cdiz','Av. Astilleros, 302, 11007 Cdiz',36.5269719,-6.2862034000000016,'Cdiz',1),(85,'Estacin de autobuses San Bernardo','Calle San Bernardo, 1B, 11207 Algeciras, Cdiz',36.12594770000001,-5.4478547,'Cdiz',1),(86,'Estacin de Puerto Real','11 11510, Ctra. de Circunvalacin, 9, 11510 Puerto Real, Cdiz',36.5309599,-6.185581299999999,'Cdiz',1),(87,'Crdoba','Glorieta Tres Culturas, s/n, 14011 Crdoba',37.8884888,-4.7895246,'Crdoba',1),(88,'Estacin ITV Crdoba (C/Ingeniero Torres Quevedo) - VEIASA','Calle Ingeniero Torres Quevedo, s/n, Polgono Industrial La Torrecilla, 14013 Crdoba',37.8519866,-4.791938399999999,'Crdoba',1),(89,'Estacin Berja','04760 Berja, Almera',36.84064,-2.9473,'Almera',1),(90,'El Ejido','04700 El Ejido, Almera',36.77304,-2.80813,'Almera',1),(91,'Enix','04729 Enix, Almera',36.8772694,-2.601775,'Almera',1),(92,'Iberdrola Charging Station','1470, N-340a, 04410 Benahadux',37.655001,-1.711529,'Almera',1),(93,'Estacin de carga de vehculos elctricos','Plaza de Aragn, 22300 Barbastro, Huesca',42.035351,0.1213713,'Huesca',1),(94,'Estacin de carga de vehculos elctricos','Plaza Cortes de Aragn, 5, 22700 Jaca, Huesca',42.5695049,-0.5510974000000001,'Huesca',1),(95,'Estacon de Binefar Adif','Av. de Aragon, S/N, 22500 Binfar, Huesca',41.84975479999999,0.29138600000000003,'Huesca',1),(96,'Estacon de Graen Adif','Calle, Ronda de Aragn, S/N, 22260 Gran, Huesca',41.937981,-0.3693002,'Huesca',1),(97,'Estacin de Servicio Repsol','Calle Corona de Aragn, 52 IZ, 22300 Barbastro, Huesca',42.0346932,0.1282539,'Huesca',1),(98,'Canfranc','22880 Canfranc-Estacin, Huesca',42.751471,-0.514641,'Huesca',1),(99,'Ayerbe','22800 Ayerbe, Huesca',42.27561,-0.682569,'Huesca',1),(100,'Tesla Destination Charger','Calle de San Roque, 1, 6, 50230 Alhama de Aragn, Zaragoza',41.294603,-1.896894,'Zaragoza',1),(101,'Tesla Supercharger','Camino de la Paridera de Costa, 50012 Zaragoza',41.6241118,-1.0109892,'Zaragoza',1),(102,'IBIL Charging Station','Av. de Casablanca, 11, 50019 Zaragoza',41.6231572,-0.9392437,'Zaragoza',1),(103,'Iberdrola Clientes Charging Station','Calle Teatro Malibrn, 28, 50021 Zaragoza',41.6077,-0.8914,'Zaragoza',1),(104,'Zoilo Ros Estacin de carga','Autova de Logroo, 0,300, 50011 Zaragoza',41.6604005,-0.9250773,'Zaragoza',1),(105,'Supercargador TESLA','Calle Carr. de madrid, 50220 Ariza, Zaragoza',41.3131364,-2.0026174,'Zaragoza',1),(106,'Puntos de Recarga','Av. de Salvador Allende, 105, Local, 50015 Zaragoza',41.67785960000001,-0.8722631999999999,'Zaragoza',1),(107,'Estacon de Alhama De Aragon Adif','Carretera Estacion Ferrocarril, S/N, 50230 Alhama de Aragn, Zaragoza',41.2943278,-1.9043271,'Zaragoza',1),(108,'Estacin de Servicio Repsol','A-68, P.K. 258,25 DE, 50692 Villarrapa, Zaragoza',41.74049249999999,-1.0789535,'Zaragoza',1),(109,'Cariena','50400 Cariena, Zaragoza',41.335586,-1.228422,'Zaragoza',1),(110,'Zaragoza-Delicias','Av. Navarra, 80, 50011 Zaragoza',41.65869379999999,-0.911226,'Zaragoza',1),(111,'Zaragoza Plaza','Unnamed Road, Zaragoza',41.6772633,-0.9442944,'Zaragoza',1),(112,'Repsol','A-2, Km 202, 50292 Cetina, Zaragoza',41.3027424,-1.9457493,'Zaragoza',1),(113,'Zaragoza-Delicias','Calle Rioja, 33, 50011 Zaragoza',41.6578469,-0.9091052,'Zaragoza',1),(114,'Caspe','50700 Caspe, Zaragoza',41.239738,-0.042701,'Zaragoza',1),(115,'Gallur','50650, Zaragoza',41.867164,-1.321342,'Zaragoza',1),(116,'Luceni','50640 Luceni, Zaragoza',41.826116,-1.243536,'Zaragoza',1),(117,'Estacin de Servicio Repsol','Cr N-330, 491,9 I, 50019 Zaragoza',41.6210922,-0.9150136000000001,'Zaragoza',1),(118,'Estacin de Servicio Repsol','Av. Isla de Murano, S.N, 50021 Zaragoza',41.6097869,-0.8819564999999999,'Zaragoza',1),(119,'Estacin de Servicio Repsol','Av. de la Ilustracin, 1, 50012 Zaragoza',41.62685949999999,-0.9227649,'Zaragoza',1),(120,'OFICINAS CENTRALES ZOILO RIOS, S.A.','Autova de Logroo. p.k.0.300, 50011 Zaragoza',41.6604906,-0.9255567999999998,'Zaragoza',1),(121,'IBIL Charging Station','Local, Carr. Zaragoza, 20, 31500',42.0355435,-1.5885234,'Zaragoza',1),(122,'Iberdrola Charging Station','Av. Zaragoza, 20, 31397 Campanas, Navarra',42.688372,-1.6518488999999998,'Zaragoza',1),(123,'Tesla Supercharger','43896 L\'Aldea, Tarragona',40.7529908,0.6064046999999999,'Tarragona',1),(124,'Fayn-La Pobla de Massaluca','43783, Tarragona',41.2250312,0.35111190000000003,'Tarragona',1),(125,'Etecnic Charging Station','Av. de les Comarques Catalanes, 2, 43740 Mra d\'Ebre, Tarragona',41.089721,0.6433639999999999,'Tarragona',1),(126,'Etecnic Charging Station','Plaa de Catalunya, 15, 43770 Mra la Nova, Tarragona',41.097721,0.648795,'Tarragona',1),(127,'Estaci','43004 Tarragona',41.1115,1.252892,'Tarragona',1),(128,'ETECNIC Energy & Mobility','Av. dels Pasos Catalans, 38, 43206 Reus, Tarragona',41.1552949,1.0970628,'Tarragona',1),(129,'SmartMobility Iberdrola','Ctra. Corella, 2, 31500 Tudela, Navarra',42.0623331,-1.6200549,'Navarra',1),(130,'Iberdrola Estacin de carga','Av. San Ignacio, 10, 31002 Pamplona, Navarra',42.8140125,-1.6430653000000002,'Navarra',1),(131,'Iberdrola Clientes Charging Station','Calle Carlos VII, 22, 31200 Estella, Navarra',42.66445,-2.03245,'Navarra',1),(132,'Tesla Destination Charger','Parque Senda Viva, 31513 Arguedas, Navarra',42.18844800000001,-1.579636,'Navarra',1),(133,'Iberdrola Clientes Charging Station','Av. de Burgos, 49, 26006 Logroo, La Rioja',42.4615534,-2.4692679,'La Rioja',1),(134,'Iberdrola Estacin de carga','Calle Bebricio, 71, 26500 Calahorra, La Rioja',42.306587,-1.971331,'La Rioja',1),(135,'Punto de carga para vehculos elctricos','Av. de La Rioja, 14, 26001 Logroo, La Rioja',42.4639505,-2.4468479,'La Rioja',1),(136,'Fenie Energa Estacin de carga','26330, La Rioja',42.53985000000001,-2.7785177000000005,'La Rioja',1),(137,'Recarga elctrica de coches y motos','Calle Prado Viejo, 70, 26007 Logroo, La Rioja',42.45278829999999,-2.4717361,'La Rioja',1),(138,'Tesla Destination Charger','Calle Lrida, 1, 26006 Logroo, La Rioja',42.462715,-2.4205330000000003,'La Rioja',1),(139,'Fenie Energia Charging Station','Paseo San Julin, 8, 26300 Njera, La Rioja',42.41599799999999,-2.7313679,'La Rioja',1),(140,'Cargador coches de bateria','Paseo San Julin, 4, 26300 Njera, La Rioja',42.4168444,-2.7317457000000003,'La Rioja',1),(141,'Tesla Destination Charger','Paseo de la Constitucion, 97, 26580 Arnedo, La Rioja',42.2245739,-2.108609,'La Rioja',1),(142,'ENDESA Charging Station','Av. Gran Va Juan Carlos I, 26B, 26001 Logroo, La Rioja',42.463955,-2.44955,'La Rioja',1),(143,'Iberdrola Charging Station','Calle de Gregoria Artacho, 37, 26350 Cenicero, La Rioja',42.48172599999999,-2.648003,'La Rioja',1),(144,'Logroo','Avenida de Espaa, 1, 26003 Logroo, La Rioja, La Rioja',42.4604484,-2.4451785,'La Rioja',1),(145,'Estacon de Logroo Adif','Av. de Coln, 83, 26003 Logroo, La Rioja',42.4577319,-2.4409029,'La Rioja',1),(146,'Grupo Arnedo','Av. del Ebro, 9, 26160 Agoncillo, La Rioja',42.435487,-2.2796663,'La Rioja',1),(147,'Estacon de Haro Adif','Calle Estacin del Ferrocarril, S/N, 26200 Haro, La Rioja',42.5836265,-2.8492737,'La Rioja',1),(148,'ESTACIONES ARNEDO','N-232, KM. 367, 26510 Pradejn, La Rioja',42.319129,-2.0514346000000003,'La Rioja',1),(149,'Estacin de Servicio Petronor - Repsol','E.S, AU AP-68 P.K. 100,00 D, 26340 San Asensio, La Rioja',42.5115959,-2.7543183,'La Rioja',1),(150,'Estacon de Alcanadre Adif','Calle Ctra. Estacin, 49, 26509 Alcanadre, La Rioja',42.4074484,-2.1220287,'La Rioja',1),(151,'Estacin de servicio Cepsa','P.I. Cantabria I, Av. Mendava, 14, 26006 Logroo, La Rioja',42.472616,-2.4169634,'La Rioja',1),(152,'Estacin de servicio Cepsa','Polgono Industrial I-9 parcela 18 bis, Ctra. Logroo, Km 1, 26142 Villamediana de Iregua, La Rioja',42.447572,-2.418637,'La Rioja',1),(153,'Estacin de Servicio Repsol','CR LO-20 P.K. 10,00 D, 26007 Logroo, La Rioja',42.4542539,-2.5041323,'La Rioja',1),(154,'Haro','26200, La Rioja',42.583635,-2.849396,'La Rioja',1),(155,'Estacin de servicio Cepsa','Carretera de Lerma, Pk 376, 26320 Baos de Ro Toba, La Rioja',42.351808,-2.753369,'La Rioja',1),(156,'Estacin de servicio Cepsa','Camino Berceo, s/n, 26320 Baos de Ro Toba, La Rioja',42.333749,-2.763892,'La Rioja',1),(157,'Estacon de Rincon De Soto Adif','Calle Estacion Ferrocarril, 2, 26550 Rincn de Soto, La Rioja',42.2301756,-1.8477525,'La Rioja',1),(158,'Grupo Logstico Arnedo','Av. del Ebro, 9, 26160 Agoncillo, La Rioja',42.437397,-2.2827436000000003,'La Rioja',1),(159,'Taxi Jose Haro','Plaza Castaares de Rioja, 26200 Haro, La Rioja',42.5732888,-2.8527583,'La Rioja',1),(160,'Estacin de Servicio Repsol','Cr, LR-113, 44, I, 26320 Baos de Ro Toba, La Rioja',42.3281448,-2.7609249,'La Rioja',1),(161,'Estacin de Servicio Repsol','CR N-111 P.K. 292,00 D, 26123 Villanueva de Cameros, La Rioja',42.16631339999999,-2.6500101000000003,'La Rioja',1),(162,'Estacin de Servicio Repsol','Cr N-120, 23 D, 26315 Tricio',42.4116447,-2.7011844,'La Rioja',1),(163,'NACEX','Calle Torremua, 4, 26005 Logroo, La Rioja',42.46169949999999,-2.4549066,'La Rioja',1),(164,'Estacin de servicio Cepsa','Avda. De Logroo, 20, 26580 Arnedo, La Rioja',42.2293783,-2.0940911,'La Rioja',1),(165,'Ecociudad del transporte Grupo Arnedo','Carretera Nacional, 232 km 367, 26511 El Villar de Arnedo',42.3186377,-2.0525105,'La Rioja',1),(166,'ITV Logroo Tv Sd','Pol. Ind. Cantabria I, Calle Soto Galo, 8, 26009 Logroo, La Rioja',42.4690331,-2.4110333,'La Rioja',1),(167,'Estacin de Autobuses de Logroo','26003 Logroo, La Rioja',42.4599594,-2.4446677,'La Rioja',1),(168,'ITV Njera Tv Sd','A-12, Salida 110, 26300 Njera, La Rioja',42.4294219,-2.7157075,'La Rioja',1),(169,'Hertz - Logroo','Auto Urbion Car Dealer, Av. de Burgos, 64, 26006 Logroo, La Rioja',42.4620475,-2.4715036,'La Rioja',1),(170,'XPO LOGISTICS','97-, Calle Rivera, 103, 26151 Arrbal, La Rioja',42.4302583,-2.2584736,'La Rioja',1),(171,'ITV Logroo - Polgono de Cantabria Red Itevelesa','Pol. Ind. Cantabria I, Calle Barriguelo, 6, 26006 Logroo, La Rioja',42.4693899,-2.412632,'La Rioja',1),(172,'Alfaro','26540, La Rioja',42.186525,-1.747985,'La Rioja',1),(173,'Hertz - Logrono - Leroy Merlin','c/ Prado Viejo E-F, 26007 Logroo, La Rioja',42.4556021,-2.4718713,'La Rioja',1),(174,'ITV Logroo - Avda. de Burgos Red Itevelesa','Av. de Burgos, 109, 111, 26007 Logroo, La Rioja',42.4600352,-2.4757325,'La Rioja',1),(175,'Estacon de La Puebla De Hijar Adif','Plaza Del, Plaza Reino de Aragn, 1, 44510, Teruel',41.2243315,-0.4385412,'Teruel',1),(176,'Puerto Escandon','44442, Teruel',40.273092,-0.985079,'Teruel',1),(177,'FINSA CELLA II','Ctra. Estacin, 4, 44370 Cella, Teruel',40.4534786,-1.2447381000000002,'Teruel',1),(178,'Estacin de carga de vehculos elctricos','Caserio la Estrecha, 35T, 33011 Oviedo, Asturias',43.3813393,-5.8294346999999975,'Asturias',1),(179,'EDP Comercializadora, SAU Charging Station','Av. del Llano, 19, 33209 Gijn, Asturias',43.53426839999999,-5.6603796,'Asturias',1),(180,'EDP Estacin de carga','Plaza Europa, 33450 Piedras Blancas, Asturias',43.5591662,-5.9772415,'Asturias',1),(181,'Estacin de carga de vehculos elctricos','Calle Teodoro Cuesta, 2, 33600 Mieres, Asturias',43.2488883,-5.7718986,'Asturias',1),(182,'EDP Comercializadora, SAU Charging Station','Calle de Asturias, 1, 33820 Grado, Asturias',43.387464,-6.072723000000001,'Asturias',1),(183,'EDP Comercializadora, SAU Charging Station','Av. de Galicia, 2, 33740 Tapia de Casariego, Asturias',43.5687179,-6.944178,'Asturias',1),(184,'EDP Comercializadora, SAU Charging Station. Estacin de carga de vehculos elctricos.','Av Carr del Puerto, 11, 33830 Belmonte, Asturias',43.2846217,-6.2176445,'Cuenca',1),(185,'Iberdrola Estacin de carga','Av. Adolfo Surez, 30, 16400 Tarancn, Cuenca',40.0063516,-3.0189852000000004,'Cuenca',1),(186,'Iberdrola Charging Station','1 Plaza de Espaa, 16710 Atalaya del Caavate',39.538723,-2.254855,'Cuenca',1),(187,'Tesla Destination Charger','2 Calle Infante Don Juan Manuel, 16640 Belmonte',39.560724,-2.702476,'Cuenca',1),(188,'EDP Estacin de carga','82, Posada, 33690 Lugo de Llanera',43.422419,-5.826525,'Lugo',1),(189,'EDP Comercializadora, SAU Charging Station','Posada, 33192 Lugo de Llanera, Asturias',43.4228009,-5.8259548,'Lugo',1),(190,'EDP Comercializadora, SAU Charging Station','Calle Pea Santa, 33192 Lugo de Llanera, Asturias',43.416616,-5.810642,'Lugo',1),(191,'EasyCharger Estacin de carga','Ra E, 27150, 27150, Lugo',43.1071861,-7.605576299999999,'Lugo',1),(192,'Tesla Destination Charger','Av. Infanta Elena, 213, 27003 Lugo',43.0371727,-7.5688405,'Lugo',1),(193,'Puntos de Recarga Mercadona','27710, Lugo',43.5404319,-7.0629537,'Lugo',1),(194,'Estacon de Lugo Adif','Praza Conde de Fontao, S/N, 27003 Lugo',43.0150924,-7.5521118,'Lugo',1),(195,'Estacin de Servicio Repsol','Avenida de Galicia, 41, D, 27400 Monforte de Lemos, Lugo',42.5199624,-7.513412100000001,'Lugo',1),(196,'Monforte de Lemos','27400 Monforte de Lemos, Lugo',42.52959110000001,-7.5034855,'Lugo',1),(197,'Viveiro','27869 Vivero, Lugo',43.6569018,-7.6003276999999985,'Lugo',1),(198,'Canabal','27440 Canaval, Lugo',42.482882,-7.587733000000001,'Lugo',1),(199,'NACEX','Pol. Ind. Ceao, Ra da Industria, 41, 27003 Lugo',43.0475206,-7.571501399999999,'Lugo',1),(200,'Estacin de servicio Cepsa','Po, Av. de Joaquin Fernandez Vallejo, 12, 39300 Torrelavega, Cantabria',43.34358870000001,-4.0463771,'Cantabria',1),(201,'Santander','39008 Santander, Cantabria',43.4583294,-3.810976299999999,'Cantabria',1),(202,'NACEX','Calle la Quinta, 27, 39750 Colindres, Cantabria',43.3936682,-3.4499529000000004,'Cantabria',1),(203,'IBIL Charging Station','Av. Ris, 64, 39180 Noja, Cantabria',43.48983399999999,-3.529208,'Cantabria',1),(204,'Fene Energa Estacin de carga','CA-131, 39547 San Vicente de la Barquera, Cantabria',43.385017,-4.3383980000000015,'Cantabria',1),(205,'Iberdrola Estacin de carga','Av. Cantabria, 23, 39400 Los Corrales de Buelna, Cantabria',43.2557701,-4.0681889,'Cantabria',1),(206,'EDP Charging Station','N-634, 2E, 39594, Cantabria',43.374927,-4.500594,'Cantabria',1),(207,'Iberdrola Charging Station','56A Poligono Vega Reinosa 39200 ES',42.9944149,-4.131486,'Cantabria',1),(208,'RED Cantabria','Carretera Nacional 635, km 10,200, 39792 Heras, Cantabria',43.396309,-3.787258,'Cantabria',1),(209,'Estacin de Servicio El Centro','Av. Cantabria, 1495, 39318 Cudn, Cantabria',43.41383,-4.011240000000001,'Cantabria',1),(210,'Estacin de servicio Cepsa','N-634, Pk 244, 7, 39500 Cabezn de la Sal, Cantabria',43.323374,-4.193078,'Cantabria',1),(211,'Iberdrola Charging Station','Retuerto Kalea, 55, 48903 Barakaldo, Bizkaia',43.287416,-3.007997,'Vizcaya',1),(212,'IBIL Charging Station','Azkue Kalea, 1, 48902 Barakaldo, Bizkaia',43.290412,-2.988979,'Vizcaya',1),(213,'Iberdrola Charging Station','Erribera Etorbidea, 3, 48903 Barakaldo, Bizkaia',43.29184,-3.006589,'Vizcaya',1),(214,'Wenea Estacin de carga','Arraiz Bidea, 116, 48002 Bilbo, Bizkaia',43.2415141,-2.9604141,'Vizcaya',1),(215,'Tesla Destination Charger','Av. Vizcaya, 8, 26200 Haro, La Rioja',42.584482,-2.846937,'Vizcaya',1),(216,'IBIL Estacin de carga','48903 Baracaldo, Vizcaya',43.2855362,-2.9957148,'Vizcaya',1),(217,'Estacin de carga vehculos','Zankoeta Kalea, 3A, 48013 Bilbo, Bizkaia',43.2587222,-2.9477397,'Vizcaya',1),(218,'IBIL Gestor de Carga de VE S.A. Charging Station','Erribera Etorbidea, 48902 Barakaldo, Bizkaia',43.2930909,-3.006481,'Vizcaya',1),(219,'IBIL Charging Station','Begoako Andra Maria Kalea, 45, 48006 Bilbo, Bizkaia',43.259088,-2.9143276,'Vizcaya',1),(220,'Iberdrola Clientes Charging Station','Elcano Kalea, 9, 48008 Bilbo, Bizkaia',43.26235399999999,-2.934526,'Vizcaya',1),(221,'Iberdrola Estacin de carga','Marqus de Arriluce e Ibarra Kalea, 3006, 48992 Getxo, Bizkaia',43.3403161,-3.0162236,'Vizcaya',1),(222,'Estacin Carga Vehculos Elctricos','Tartanga Kalea, 28, 48950 Altzaga, Bizkaia',43.306994,-2.9736385,'Vizcaya',1),(223,'Estacin Carga Vehculos','Leizaola Lehendakariaren Kalea, 5, 48011 Bilbo, Bizkaia',43.2671375,-2.9395814,'Vizcaya',1),(224,'Iberdrola Clientes Charging Station','Abandoibarra Etorb., 4, 48001 Bilbo, Bizkaia',43.266743,-2.94465,'Vizcaya',1),(225,'Electrolinera. Estacion de carga elctrica coche','Etxaniz Suhiltzailearen Plaza, 48010 Bilbo, Bizkaia',43.25862070000001,-2.940371,'Vizcaya',1),(226,'Estacin de carga elctrica coches y motos','Iturriondo Kalea, 8, 48940 Leioa, Bizkaia',43.3176862,-2.9917118,'Vizcaya',1),(227,'IBIL Charging Station','Arriqubar Plaza, 4, 48010 Bilbo, Bizkaia',43.25976,-2.937051,'Vizcaya',1),(228,'IBIL Charging Station','5BIS, Maria Diaz de Haro Kalea, 48920 Portugalete',43.32241,-3.018838,'Vizcaya',1),(229,'Estacin de carga elctrica coches y motos','Begoako Andra Maria Kalea, 47, 48006 Bilbo, Bizkaia',43.2595901,-2.9143576,'Vizcaya',1),(230,'IBIL Charging Station','48004 Bilbao, Vizcaya',43.2483099,-2.905264,'Vizcaya',1),(231,'IBIL Charging Station','N-634, 2, 48220 Abadio, BI',43.171646,-2.6172209,'Vizcaya',1),(232,'Iberdrola Clientes Charging Station','Gernika Lorategia, 25, 48003 Bilbo, Bizkaia',43.249049600000006,-2.9265357999999995,'Vizcaya',1),(233,'IBIL Charging Station','Gregorio de la Revilla Zumarkalea, 54, 48009 Bilbo, Bizkaia',43.260933,-2.94057,'Vizcaya',1),(234,'IBIL Charging Station','Zabalgune Plaza, 13, 48009 Bilbo, Bizkaia',43.26349,-2.931105,'Vizcaya',1),(235,'IBIL Charging Station','9 Kalea, Iturriondo Kalea, 48940 Leioa',43.3181269,-2.992554,'Vizcaya',1),(236,'IBIL Charging Station','Urkixo Zumarkalea, 19, 48008 Bilbo, Bizkaia',43.25996,-2.93222,'Vizcaya',1),(237,'IBIL Charging Station','Polgono Parque Tecnolgico, 48170 Zamudio, BI',43.28963220000001,-2.8590636000000003,'Vizcaya',1),(238,'Carga de vehculos electrcos Carrefour','48910, BI',43.3003068,-3.0028701,'Vizcaya',1),(239,'IBIL Charging Station','Erribera Etorbidea, 48903 Barakaldo, Bizkaia',43.2934494,-3.0061134,'Vizcaya',1),(240,'Estacin de Carga para Vehculo Elctricos','Calle Don Quijote de la Mancha, 6, 02610 El Bonillo, Albacete',38.9524915,-2.5373962000000003,'Albacete',1),(241,'Tesla Destination Charger','Av. Escritor Rodrigo Rubio, 11, 02006 Albacete',39.0077915,-1.8835114,'Albacete',1),(242,'Estacin de carga de vehculos elctricos','Calle Sector 12, 46P, 45280, Toledo',39.9450219,-3.996651,'Toledo',1),(243,'Estacin de carga de vehculos elctricos','45200 Illescas, Toledo',40.1525151,-3.8363647,'Toledo',1),(244,'Estacin de carga de vehculos elctricos','Calle Valhondo, 3V, 45520 Villaluenga de la Sagra, Toledo',40.043083,-3.9172432,'Toledo',1),(245,'Estacion de Carga de Vehiculos Elctricos','Calle Rio, 1, 45642 Cardiel de los Montes, Toledo',40.0627739,-4.653042,'Toledo',1),(246,'Iberdrola Charging Station','Km 57 A-4 Ocaa 45300 ES',39.96833,-3.546863,'Toledo',1),(247,'Wenea Estacin de carga','Av. de Madrid, 1, 45950 Casarrubios del Monte, Toledo',40.2502787,-4.0552391000000005,'Toledo',1),(248,'Chargemaster Charging Estacin de carga','HOTEL BEATRIZ TOLEDO AUDITORIUM & SPACalle Concilios de, 45005, Toledo',39.877496,-4.042406600000001,'Toledo',1),(249,'Iberdrola Charging Station','6, CM-5102, 45560 Oropesa',39.926884,-5.18534,'Toledo',1),(250,'REPSOL','Paseo de Extremadura, 45580 Calzada de Oropesa, Toledo',39.895689,-5.332879,'Toledo',1),(251,'Estacin de carga de vehculos elctricos','Av. de Elena Soriano, 10A, 28597 Fuentiduea de Tajo, Madrid',40.1186841,-3.1618849,'Soria',1),(252,'IBIL Charging Station','19208 Alovera, Guadalajara',40.5794647,-3.2358245,'Guadalajara',1),(253,'ENDESA Charging Station','1, N-II, 19192 Trijueque',40.77441,-2.99439,'Guadalajara',1),(254,'Tesla Destination Charger','Autova de Extremadura, Salida, 163, 10392 Isla de Valdecanas, Cceres',39.837071,-5.379258,'Cceres',1),(255,'Tesla Supercharger','Autova del Suroeste, Km . 200, 10350 Almaraz, Cceres',39.7915144,-5.6955002,'Cceres',1),(256,'Estacin de Autobuses de Trujillo','Av. de Extremadura, S/N, 10200 Trujillo, Cceres',39.4513718,-5.881403,'Cceres',1),(257,'Estacin de Servicio Repsol','N-5 Km. 254,80 D, 10200 Trujillo, Cceres',39.44893070000001,-5.8815094000000006,'Cceres',1),(258,'Caceres','10195 Cceres',39.461131,-6.385679,'Cceres',1),(259,'Plasencia','10600 Plasencia, Cceres',40.022282,-6.0993970000000015,'Cceres',1),(260,'Talleres rbita Atanes','Avda de, Av. Extremadura, 125, 10460 Losar de la Vera, Cceres',40.11999610000001,-5.598902,'Cceres',1),(261,'EasyCharger Estacin de carga','Extrarradio Diseminados, 74, 47132 Tordesillas, Valladolid',41.5421864,-4.897175700000001,'Valladolid',1),(262,'Iberdrola Clientes Charging Station','Calle de los Doctrinos, 4, 47001 Valladolid',41.64916970000001,-4.729897900000001,'Valladolid',1),(263,'Iberdrola Clientes Charging Station','Ctra. de Villacastn, 14, 37893 Encinas de Abajo, Salamanca',40.9319599,-5.466889,'Salamanca',1),(264,'Iberdrola Charging Station','Autova de Castilla, 210, 37419 Parada de Rubiales, Salamanca',42.275446,-3.896919,'Salamanca',1),(265,'Estacin de Barcelona-Passeig de Gracia Adif','Passeig de Gracia - Esquina, C/ d\'Arag, S/N, 08007 Barcelona',41.392331,2.1646687,'Barcelona',1),(266,'Estacin de servicio Cepsa','Passatge de la Marinada, 1, 3-5, 08799 Barcelona',41.3520545,1.7272823,'Barcelona',1),(267,'Iberdrola Charging Station','Entrada SEAT Nord Martorell 08760 ES',41.503389,1.89696,'Barcelona',1),(268,'ENDESA Charging Station','Carrer de la Rioja, 1, 08227 Terrassa, Barcelona',41.559228,2.037372,'Barcelona',1),(269,'Tesla Supercharger','PGA Catalunya Resort, Carretera N-II, 17455 Caldes de Malavella, Girona',41.858738,2.7676613,'Gerona',1),(270,'Punt recrrega elctrica cotxes i motos','Avinguda de Catalunya, 17850 Besal, Girona',42.19929459999999,2.6946069,'Gerona',1),(271,'Punt recrrega elctrica cotxes i motos','Plaa de Catalunya, 10, 17004 Girona',41.98188010000001,2.8237799,'Gerona',1),(272,'Estacin de carga de vehculos elctricos','Carrer d\'Enric Morera, 19, 17257 Torroella de Montgr, Girona',42.041951,3.1289246,'Gerona',1),(273,'Iberdrola Charging Station','Av de Catalua, 20, 03540 Alicante',38.365229,-0.417234,'Alicante',1),(274,'Fenie Energia Charging Station','Av. del Pas Valenci, 89, 03820 Cocentaina, Alicante',38.7413941,-0.4385902,'Alicante',1),(275,'Punt recrrega elctrica cotxes i motos','Passatge de les Moreres, 25280 Solsona, Lleida',41.9942477,1.5202747,'Lleida',1),(276,'Estacin de servicio Cepsa','Carrer de les Corts Catalanes, 60, 25005 Lleida',41.627928,0.6242101999999999,'Lleida',1),(277,'Restaurant Can Boix de Peramola','Can Boix, 3, 25790 Castell-llebre, Lleida',42.071333,1.275705,'Lleida',1),(278,'Estacin de carga de vehculos elctricos','Av. Galicia, s/n, 32317 O Barco, Province of Ourense',42.4172136,-6.9975513,'Ourense',1),(279,'Concesionario Oficial Hyundai | Hyupersa | Ourense','de Canedo, Ctra de Vigo, 26, 32001 Quintela, Ourense',42.3556854,-7.905260799999999,'Ourense',1),(280,'Estacin Naturgy San Cibrao','Ra Ricardo Martn Esperanza, n 12, 32901 Reboredo, Ourense',42.2897324,-7.816631300000001,'Ourense',1),(281,'Ourense','Praza Da Estacion, 32001 Ourense, Province of Ourense',42.3503961,-7.8728186,'Ourense',1),(282,'A Gudia','32540 La Gudia, Ourense',42.060644,-7.132531999999999,'Ourense',1),(283,'Estacon de O Carballio Adif','Avenida O Vintecinco De Xullo, S/N, 32500 O Carballio, Ourense',42.43144059999999,-8.068795,'Ourense',1),(284,'NACEX','Polgono Comercial Barreiros, Calle Vial G, 7, 32911 Ourense',42.2826654,-7.856208599999999,'Ourense',1),(285,'Easycharger Estacin de carga','Ra de Miguel Ferro Caaveiro, 85, 15707 Santiago de Compostela, A Corua',42.8844839,-8.5129472,'A Corua',1),(286,'Finisterre Motor','Avenida Finisterre, 326, 15010 A Corua',43.3568583,-8.425587,'A Corua',1),(287,'Concesionario Oficial Hyundai | Hyupersa | Santiago','A Corua, Km. 58, 15703 Santiago de Compostela, C',42.90352100000001,-8.5181839,'A Corua',1),(288,'Estacin de A Corua Adif','Avenida del Ferrocarril, 2, 15007 A Corua, C',43.3521165,-8.409936799999999,'A Corua',1),(289,'Estacin de Santiago de Compostela Adif','Ra do Hrreo, 75 A, 15702 Santiago de Compostela, A Corua',42.87097079999999,-8.544271199999999,'A Corua',1),(290,'Tumosa','Avenida das Marias, 272, 15172 Perillo, A Corua',43.3274086,-8.363390299999999,'A Corua',1),(291,'Concesionario Oficial KODA | GADASA | A Corua','Avenida das Marias, 287, 15179 Oleiros, A Corua',43.3279374,-8.3650583,'A Corua',1),(292,'Santiago-Turistico','Ra de Santiago del Estero, 75, A, 15702 Santiago de Compostela, C',42.87079110000001,-8.544719599999999,'A Corua',1),(293,'Estacin De Servicio Galp','Carretera N-550, 0 Pk 73 Polgono Ind La Picaraa, 15980 Esclavitud, C',42.79943799999999,-8.6490584,'A Corua',1),(294,'NACEX','Pligono del Tambre Calle D no23, 15890 Santiago de Compostela, A Corua',42.9124896,-8.506754599999999,'A Corua',1),(295,'Estacin de servicio Cepsa','Ra Carretera de Castilla, 132, 142, 15570 Narn, C',43.4983362,-8.1978838,'A Corua',1),(296,'Tesla Supercharger','El Bierzo, Camino Real, 1, 24318 Bembibre',42.6235665,-6.453114599999998,'Len',1),(297,'Iberdrola Charging Station','Ra Arquitecto Palacios, 25, 36340 Nigrn, Pontevedra',42.14288,-8.818901,'Pontevedra',1),(298,'Iberdrola Charging Station','Ra das Pontes, 4, 36350 Nigrn, Pontevedra',42.1328699,-8.795249,'Pontevedra',1),(299,'Iberdrola Charging Station','Av. de Madrid, 124, 36214 Vigo, PO',42.220194,-8.706228999999999,'Pontevedra',1),(300,'Iberdrola Charging Station','Av. de Madrid, S/N, 36214 Vigo, PO',42.2154,-8.701267,'Pontevedra',1),(301,'Iberdrola Charging Station','Estrada Vella de Madrid, 4, 36214 Vigo, Pontevedra',42.215273,-8.701265,'Pontevedra',1),(302,'Estacon de Vilagarcia De Arousa Adif','Av. Doutor Moreira Casal, 20, 36600 Vilagarca de Arousa, Pontevedra',42.601976,-8.7622537,'Pontevedra',1),(303,'Hotel - Apartamentos Spa Bosque Mar','Calle Reboredo, 93, 36988, PO',42.478205,-8.892745,'Pontevedra',1),(304,'Concesionario Oficial Hyundai | Hyupersa | Villagarca','Av. Pontevedra, 98, 36619 Vilagarca de Arousa, PO',42.58442369999999,-8.742930300000001,'Pontevedra',1),(305,'Concesionario Oficial Hyundai | Hyupersa | Vigo','Estrada Camposancos, 6, 36213 Vigo, Pontevedra',42.2052969,-8.7522039,'Pontevedra',1),(306,'Redondela','36800, Pontevedra',42.286005,-8.619402000000001,'Pontevedra',1),(307,'Vigo Guixar','Ra do Areal, 36201 Vigo, Pontevedra',42.2392617,-8.712034,'Pontevedra',1),(308,'Estacin de Servicio Repsol','Av. Buenos Aires, S.N, 36500 DE, PO',42.6550326,-8.111703,'Pontevedra',1),(309,'Estacin de servicio Cepsa','Avda. Orillamar, 173, 36208 Vigo, PO',42.22528399999999,-8.745676,'Pontevedra',1),(310,'Estacin de Servicio Repsol','N-525, 291,3 IZ, 36500 Laln, Pontevedra',42.66501820000001,-8.1215716,'Pontevedra',1),(311,'Estacin de Servicio Repsol','Avenida do Concello, S.N, I, 36520 Agolada, Pontevedra',42.7626014,-8.0245205,'Pontevedra',1),(312,'Estacin de servicio Cepsa','N-120, km 660, 3, 36416 Pontevedra',42.19335419999999,-8.651765699999999,'Pontevedra',1),(313,'NACEX','Av. Peirao Besada, 6, 36163 Poio, PO',42.4309238,-8.6634054,'Pontevedra',1),(314,'Cepsa Comercial Galicia','Travesa Corua, 2, 36208 Vigo, PO',42.2229341,-8.7350177,'Pontevedra',1),(315,'Estacin de servicio Cepsa','Calle, Av. do Alcalde de Lavadores, 64, 36214 Vigo, PO',42.2214685,-8.696746000000001,'Pontevedra',1),(316,'Bicicorua plaza Pontevedra','Pr. Pontevedra, 2, 15003 A Corua',43.3679263,-8.4067448,'Pontevedra',1),(317,'NACEX','Ra de Severino Cobas, 49, 36214 Vigo, Pontevedra',42.2256405,-8.691886,'Pontevedra',1),(318,'Gasolinera REPSOL Gasvive','Av. de Madrid, 66, 36204 Vigo, PO',42.2243343,-8.7116291,'Pontevedra',1),(319,'EasyCharger Estacin de carga','49395 Cobreros, Zamora',42.0610924,-6.6427115999999975,'Zamora',1),(320,'EasyCharger Estacin de carga','Camino de los Gallegos, 49630, Zamora',41.8261174,-5.3788634,'Zamora',1),(321,'GiC - Gestion Inteligente de Cargas Charging Station','20 Av. Niceto Alcal Zamora Cirve, 28050',40.493894,-3.648247,'Zamora',1),(322,'EMT Centro de Operaciones Sanchinarro','Av. de Niceto Alcal Zamora, 4, 28050 Madrid',40.4840115,-3.6475357,'Zamora',1),(323,'IBIL Charging Station','Portal de Elorriaga Kalea, 17, 01003 Gasteiz, Araba',42.8494606,-2.6485874,'lava',1),(324,'IBIL Estacin de carga','Prudencio Maria Verastegui Kalea, 1, 01002 Gasteiz, Araba',42.84913479999999,-2.6664082,'lava',1),(325,'IBIL Charging Station','Herrandarren Kalea, 17, 01003 Gasteiz, Araba',42.84850489999999,-2.6654953,'lava',1),(326,'IBIL Charging Station','12 Plaza Norberto Resa, 01004 Gasteiz',42.841,-2.6666,'lava',1),(327,'NACEX','Calle Palomares, Casa Blanca Pol., 29, 01321, lava',42.48984309999999,-2.4829443,'lava',1),(328,'Iberdrola Clientes Charging Station','Urartea Kalea, 23, 01010 Gasteiz, Araba',42.8640563,-2.7124726000000003,'lava',1),(329,'ENDESA Charging Station','Ventorro Kalea, 3, 01207, Araba',42.8640649,-2.321557,'lava',1),(330,'IBIL Charging Station','Albert Einstein Kalea, 25, 01510 Gasteiz, Araba',42.9112354,-2.6666336,'lava',1),(331,'Tesla Supercharger Rivabellosa','Pol., Industrial la Coba Poligonoa, 1303, lava',42.7011818,-2.9194399,'lava',1),(332,'Tesla Destination Charger','Carretera nacional 1 Km 364, El Parador Kalea, 14, 01192 Argomaniz, Araba',42.8678842,-2.5415086,'lava',1),(333,'Tesla Destination Charger','Garberako, 1, 20017 Donostia-San Sebastian, SS',43.3091113,-1.9438083,'Guipzcoa',1),(334,'Estacin de carga de vehculos elctricos','20212 Olaberra, Gipuzkoa',43.0278537,-2.2041555,'Guipzcoa',1),(335,'Iberdrola Clientes Charging Station','Barrena Kalea, 19, 20600 Eibar, Gipuzkoa',43.19000399999999,-2.454243,'Guipzcoa',1),(336,'Estacin de carga de vehculos elctricos','20004 San Sebastin, Gipuzkoa',43.3202505,-1.9839599,'Guipzcoa',1),(337,'Estacin de carga de vehculos elctricos','20001 San Sebastin, Gipuzkoa',43.3239353,-1.9717761000000005,'Guipzcoa',1),(338,'Iberdrola Clientes Charging Station','Begiristain Doktorea Pasealekua, 75, 20014 Donostia, Gipuzkoa',43.297227,-1.966242,'Guipzcoa',1),(339,'IBIL Charging Station','Minasoroeta Kalea, 4, 20280 Hondarribia, Gipuzkoa',43.361584,-1.793754,'Guipzcoa',1),(340,'Charge and Parking Estacin de carga','Lugar Arranomendia, 922, 20240, SS',43.0465532,-2.1848857,'Guipzcoa',1),(341,'IBIL Charging Station','Gipuzkoa Etorb., 11 Musakola Auzoa Auzoa, 20500 Arrasate, Gipuzkoa',43.071915,-2.472951,'Guipzcoa',1),(342,'IBIL Charging Station','Araba Kalea, 43b, 20800 Zarautz, Gipuzkoa',43.28140300000001,-2.16392,'Guipzcoa',1),(343,'IBIL Charging Station','Otaola Hiribidea, 5, 20600 Eibar, Gipuzkoa',43.18279,-2.480759,'Guipzcoa',1),(344,'IBIL Charging Station','Goiru Kalea, 1b, 20500 Arrasate, Gipuzkoa',43.062134,-2.504542,'Guipzcoa',1),(345,'IBIL Charging Station','GI-631, 2, 20720 Azkoitia, SS',43.17207,-2.30361,'Guipzcoa',1),(346,'IBIL Charging Station','Zarautz Kalea, 136, 20018 Donostia, Gipuzkoa',43.30096279999999,-2.0022566000000004,'Guipzcoa',1),(347,'IBIL Charging Station','Ubitarte Plaza, 1, 20870 Elgoibar, Gipuzkoa',43.213521,-2.4167971,'Guipzcoa',1),(348,'Iberdrola Clientes Charging Station','GI-627, 20500 Arrasate, SS',43.048717,-2.497361,'Guipzcoa',1),(349,'IBIL Charging Station','Arantzazuko Ama Kalea, 1, 20569 Oati, Gipuzkoa',43.028366,-2.409438,'Guipzcoa',1),(350,'IBIL Charging Station','Gregorio Ordoez Kalea, 20011 Donostia, Gipuzkoa',43.305283,-1.973914,'Guipzcoa',1),(351,'Fenie Energia Charging Station','Lugar Laranga, 5B, 20830 Laranga Auzoa, SS',43.3043436,-2.3636381,'Guipzcoa',1),(352,'IBIL Charging Station','Mikeletegi Pasealekua, 53, 20009 Donostia, Gipuzkoa',43.29163399999999,-1.9854217,'Guipzcoa',1),(353,'EasyCharger Estacin de carga','09200 Miranda de Ebro, Burgos',42.68854870000001,-2.9533968,'Burgos',1);
/*!40000 ALTER TABLE `PuntosCarga` ENABLE KEYS */;
UNLOCK TABLES;
/*!40103 SET TIME_ZONE=@OLD_TIME_ZONE */;

/*!40101 SET SQL_MODE=@OLD_SQL_MODE */;
/*!40014 SET FOREIGN_KEY_CHECKS=@OLD_FOREIGN_KEY_CHECKS */;
/*!40014 SET UNIQUE_CHECKS=@OLD_UNIQUE_CHECKS */;
/*!40101 SET CHARACTER_SET_CLIENT=@OLD_CHARACTER_SET_CLIENT */;
/*!40101 SET CHARACTER_SET_RESULTS=@OLD_CHARACTER_SET_RESULTS */;
/*!40101 SET COLLATION_CONNECTION=@OLD_COLLATION_CONNECTION */;
/*!40111 SET SQL_NOTES=@OLD_SQL_NOTES */;

-- Dump completed on 2021-01-23 16:41:05
